CustomerID,Name,Age,Gender,Region,Tenure,Churn
C0001,Sahil Butala,28,Male,West,3,Yes
C0002,Ranbir Vora,27,Male,East,2,Yes
C0003,Siya Maharaj,34,Male,South,4,Yes
C0004,Navya Raval,55,Female,South,15,No
C0005,Adah Tiwari,31,Female,South,13,Yes
C0006,Divit Sekhon,42,Male,North,14,Yes
C0007,Anahi Viswanathan,43,Female,West,49,No
C0008,Hunar Deshpande,28,Female,North,11,Yes
C0009,Aradhya Rastogi,44,Male,West,4,Yes
C0010,Pranay Borra,39,Male,West,39,No
C0011,Ahana  Bhavsar,38,Female,East,38,No
C0012,Onkar Bala,43,Male,East,58,No
C0013,Vritika Kaur,25,Male,East,8,Yes
C0014,Romil Dugal,45,Female,Central,50,No
C0015,Inaaya  Saini,35,Female,West,29,No
C0016,Vritika Banerjee,23,Female,South,10,Yes
C0017,Divit Venkataraman,41,Male,East,56,No
C0018,Krish Shroff,50,Male,South,9,Yes
C0019,Dishani Gour,55,Female,West,52,No
C0020,Shlok Shan,46,Female,South,47,No
C0021,Navya Kalla,52,Male,West,24,No
C0022,Drishya Rau,31,Female,East,53,No
C0023,Keya Kapoor,50,Female,Central,15,No
C0024,Navya Choudhry,28,Female,West,33,No
C0025,Hiran Gara,48,Male,South,31,No
C0026,Akarsh Datta,53,Male,South,11,Yes
C0027,Farhan Desai,40,Male,North,49,No
C0028,Devansh Kade,54,Male,East,22,No
C0029,Saksham Soman,44,Female,South,10,Yes
C0030,Vritika Sahota,26,Male,West,49,No
C0031,Lakshit Date,29,Male,East,25,No
C0032,Nirvi Guha,37,Female,Central,59,No
C0033,Hrishita Sule,33,Female,South,38,No
C0034,Divij Choudhry,49,Female,North,6,Yes
C0035,Rati Jaggi,22,Male,East,12,Yes
C0036,Charvi Sehgal,24,Male,North,6,Yes
C0037,Saanvi Sarraf,25,Male,South,49,No
C0038,Shaan Raja,29,Female,South,41,No
C0039,Misha Buch,33,Male,North,42,No
C0040,Nishith Sood,47,Female,West,11,Yes
C0041,Abram Bahri,27,Male,South,21,No
C0042,Lakshit Lad,36,Male,South,42,No
C0043,Heer Jayaraman,32,Female,South,19,No
C0044,Emir Yadav,49,Male,North,15,No
C0045,Kismat Deshpande,26,Male,North,28,No
C0046,Ishita Madan,46,Male,North,7,Yes
C0047,Indrajit Rau,37,Female,South,50,No
C0048,Indrans Kapoor,52,Male,South,1,Yes
C0049,Sana Andra,55,Male,West,10,Yes
C0050,Nitya Bahl,51,Male,North,26,No
C0051,Samar Brar,25,Male,East,2,Yes
C0052,Miraya Upadhyay,36,Male,East,52,No
C0053,Yasmin Mammen,54,Female,Central,12,Yes
C0054,Suhana Ramaswamy,41,Male,South,11,Yes
C0055,Devansh Shroff,40,Female,South,19,No
C0056,Shlok Gupta,21,Female,East,21,No
C0057,Kanav Kunda,25,Male,South,6,Yes
C0058,Bhamini Sastry,25,Male,South,14,Yes
C0059,Rasha Thaman,55,Female,East,56,No
C0060,Armaan Sharma,54,Male,East,57,No
C0061,Anika Srivastava,27,Male,South,50,No
C0062,Indrajit Kuruvilla,30,Female,South,6,Yes
C0063,Jivin Behl,34,Female,South,14,Yes
C0064,Ela Swaminathan,24,Male,East,17,No
C0065,Stuvan Vora,21,Female,West,31,No
C0066,Vihaan Rege,31,Female,East,15,No
C0067,Farhan Jaggi,28,Male,Central,24,No
C0068,Piya Chacko,55,Male,West,24,No
C0069,Ishita Virk,48,Male,North,17,No
C0070,Kashvi Gola,43,Male,East,37,No
C0071,Tejas Buch,47,Male,Central,3,Yes
C0072,Tushar Baria,32,Female,North,36,No
C0073,Aaryahi Shere,47,Male,South,21,No
C0074,Pranay Borra,45,Male,West,14,Yes
C0075,Gokul Hora,50,Female,South,29,No
C0076,Hunar Kota,35,Male,East,32,No
C0077,Nishith Kuruvilla,25,Female,South,58,No
C0078,Krish Kuruvilla,55,Female,Central,5,Yes
C0079,Yakshit Sane,32,Female,North,37,No
C0080,Badal Edwin,41,Female,East,39,No
C0081,Keya Kapoor,33,Female,North,48,No
C0082,Samarth Kaul,55,Male,South,11,Yes
C0083,Anvi Rege,42,Female,East,5,Yes
C0084,Zara Gera,53,Female,East,59,No
C0085,Prerak D’Alia,39,Male,South,39,No
C0086,Aradhya Sarin,32,Female,South,34,No
C0087,Diya Bahri,39,Male,South,56,No
C0088,Piya Deo,41,Female,South,47,No
C0089,Arhaan Grover,51,Male,East,11,Yes
C0090,Samaira Dyal,42,Male,West,58,No
C0091,Miraan Rajagopalan,40,Male,West,1,Yes
C0092,Aniruddh Jha,36,Female,East,44,No
C0093,Aradhya Saini,47,Male,West,40,No
C0094,Mamooty Dewan,36,Male,East,13,Yes
C0095,Biju Sidhu,27,Female,South,59,No
C0096,Vidur Gopal,54,Female,North,14,Yes
C0097,Manikya Tiwari,28,Female,North,48,No
C0098,Onkar Rama,41,Female,East,47,No
C0099,Saksham Basak,48,Female,West,45,No
C0100,Madhup Acharya,49,Female,West,32,No
C0101,Rasha Rajagopal,54,Female,East,2,Yes
C0102,Aarush Dara,39,Male,South,49,No
C0103,Navya Deshmukh,26,Male,North,24,No
C0104,Stuvan Shenoy,34,Male,South,44,No
C0105,Mamooty Gandhi,47,Male,South,52,No
C0106,Heer Balan,22,Female,South,34,No
C0107,Zain Sangha,45,Female,East,53,No
C0108,Hunar Bail,35,Female,South,16,No
C0109,Yashvi Sachdev,45,Female,East,25,No
C0110,Kavya Dara,50,Male,Central,40,No
C0111,Saira Ganesh,22,Male,East,8,Yes
C0112,Romil Sahni,32,Male,South,44,No
C0113,Prerak Andra,41,Female,West,41,No
C0114,Ritvik Brar,37,Male,South,18,No
C0115,Shlok Devan,43,Male,East,56,No
C0116,Arhaan Anne,23,Male,Central,1,Yes
C0117,Prisha Tandon,30,Male,North,51,No
C0118,Ayesha Borra,34,Female,East,25,No
C0119,Heer Chowdhury,28,Male,Central,1,Yes
C0120,Onkar Tata,40,Female,South,19,No
C0121,Samiha Cherian,36,Male,East,58,No
C0122,Siya Dutt,28,Male,South,38,No
C0123,Mannat Dutt,25,Female,North,46,No
C0124,Dhanush Khanna,27,Female,Central,44,No
C0125,Nakul Salvi,30,Female,North,56,No
C0126,Kartik Raval,38,Female,South,52,No
C0127,Uthkarsh Sagar,38,Female,West,20,No
C0128,Aaryahi Bakshi,38,Female,South,54,No
C0129,Kiara Sankaran,45,Female,North,26,No
C0130,Kanav Gopal,52,Male,South,5,Yes
C0131,Drishya Garg,38,Male,South,4,Yes
C0132,Adah Swamy,47,Female,East,8,Yes
C0133,Yasmin Sengupta,52,Female,West,4,Yes
C0134,Romil Ravi,46,Male,South,45,No
C0135,Dharmajan Khare,54,Female,South,36,No
C0136,Pranay Dugal,43,Female,South,2,Yes
C0137,Shanaya Saini,33,Female,North,59,No
C0138,Aarav Devan,32,Male,South,52,No
C0139,Emir Chaudry,54,Female,Central,33,No
C0140,Shray Banerjee,35,Female,North,9,Yes
C0141,Jayant Subramanian,29,Female,North,5,Yes
C0142,Nehmat Chandra,29,Female,North,5,Yes
C0143,Ojas Sankaran,51,Female,South,1,Yes
C0144,Adah Randhawa,37,Female,North,8,Yes
C0145,Diya Vaidya,25,Male,North,34,No
C0146,Jhanvi Varughese,26,Male,North,53,No
C0147,Parinaaz Dutta,35,Female,South,52,No
C0148,Keya Kaur,48,Female,East,12,Yes
C0149,Vihaan Deep,27,Male,East,2,Yes
C0150,Tushar Manda,31,Male,North,1,Yes
C0151,Kiaan Manne,47,Female,East,17,No
C0152,Jivika Soman,35,Female,West,44,No
C0153,Heer Bandi,25,Male,Central,55,No
C0154,Hansh Lall,33,Female,North,3,Yes
C0155,Rasha Shere,38,Male,North,5,Yes
C0156,Manikya Virk,39,Female,North,59,No
C0157,Urvi Tella,46,Female,South,20,No
C0158,Dharmajan Bhakta,23,Female,West,16,No
C0159,Prerak Batta,26,Male,Central,51,No
C0160,Hazel Jain,22,Female,East,26,No
C0161,Romil Hari,51,Female,Central,10,Yes
C0162,Lakshit Ganesan,48,Female,Central,41,No
C0163,Abram Goda,42,Female,East,36,No
C0164,Oorja Dass,47,Female,South,50,No
C0165,Alisha Sheth,23,Female,North,2,Yes
C0166,Zoya Brahmbhatt,46,Male,East,41,No
C0167,Arhaan Maharaj,24,Male,South,46,No
C0168,Vihaan Salvi,49,Male,South,33,No
C0169,Miraya Bose,49,Female,North,53,No
C0170,Vardaniya Korpal,36,Male,South,7,Yes
C0171,Rohan Subramanian,26,Male,Central,44,No
C0172,Jivin Arya,28,Male,South,47,No
C0173,Vardaniya Vasa,38,Female,West,30,No
C0174,Nehmat Rastogi,50,Male,South,47,No
C0175,Yashvi Jani,29,Male,South,41,No
C0176,Ivana Kothari,42,Female,West,5,Yes
C0177,Dhanuk Magar,52,Male,South,36,No
C0178,Parinaaz Dugar,55,Female,South,27,No
C0179,Akarsh Gulati,36,Female,South,17,No
C0180,Aarush Tiwari,41,Female,West,39,No
C0181,Hunar Brar,30,Female,Central,10,Yes
C0182,Mamooty Raman,42,Male,West,48,No
C0183,Keya Dubey,50,Male,West,56,No
C0184,Mahika Shenoy,30,Male,South,36,No
C0185,Nirvaan Talwar,46,Male,West,49,No
C0186,Diya Gill,45,Female,East,46,No
C0187,Aniruddh Chaudry,55,Male,East,11,Yes
C0188,Rania Anne,39,Male,West,21,No
C0189,Zoya Venkatesh,27,Female,North,1,Yes
C0190,Rohan Gara,23,Female,West,6,Yes
C0191,Zaina Sahni,48,Male,South,58,No
C0192,Sumer Keer,32,Male,North,39,No
C0193,Pranay Swamy,36,Female,Central,8,Yes
C0194,Anvi Bava,37,Female,South,13,Yes
C0195,Anahita Wason,50,Female,East,8,Yes
C0196,Hazel Joshi,43,Female,East,31,No
C0197,Manikya Suresh,50,Female,South,45,No
C0198,Heer Mandal,27,Male,South,33,No
C0199,Gokul Bhardwaj,39,Male,Central,32,No
C0200,Advika Virk,21,Male,Central,33,No
C0201,Faiyaz Dass,35,Female,South,5,Yes
C0202,Indrans Dua,29,Male,Central,34,No
C0203,Indranil Ganesan,49,Male,East,20,No
C0204,Mannat Andra,39,Female,West,3,Yes
C0205,Manikya Toor,55,Female,East,25,No
C0206,Keya Virk,37,Female,Central,14,Yes
C0207,Indranil Chaudhari,42,Male,South,13,Yes
C0208,Sara Ravel,35,Female,Central,38,No
C0209,Anya Bora,26,Female,North,44,No
C0210,Zain Jha,44,Female,East,38,No
C0211,Anya Sanghvi,27,Male,South,50,No
C0212,Adah Viswanathan,41,Male,East,44,No
C0213,Manikya Date,40,Female,North,1,Yes
C0214,Jhanvi Dutt,40,Female,North,9,Yes
C0215,Farhan Deol,29,Female,South,59,No
C0216,Alia Bhatia,55,Female,East,41,No
C0217,Yasmin Chanda,27,Female,East,32,No
C0218,Chirag Ramakrishnan,23,Female,South,30,No
C0219,Ritvik Sule,44,Male,Central,56,No
C0220,Anya Sur,43,Male,South,2,Yes
C0221,Ivan Ramanathan,50,Male,East,53,No
C0222,Drishya Chandra,22,Male,West,3,Yes
C0223,Kabir Bobal,34,Male,West,52,No
C0224,Ranbir Atwal,34,Male,South,10,Yes
C0225,Adira Gade,21,Female,West,3,Yes
C0226,Keya Chada,55,Female,West,14,Yes
C0227,Advik Tiwari,22,Male,North,30,No
C0228,Oorja Cheema,41,Male,North,12,Yes
C0229,Aayush Mani,47,Male,West,38,No
C0230,Saira Dani,53,Male,South,10,Yes
C0231,Biju Talwar,23,Female,South,18,No
C0232,Shlok Khosla,51,Female,South,12,Yes
C0233,Aarna Sankar,49,Male,West,24,No
C0234,Ranbir Sankaran,25,Male,South,50,No
C0235,Aayush Lanka,41,Female,Central,44,No
C0236,Advik Brahmbhatt,53,Female,North,56,No
C0237,Manjari Dugar,34,Female,South,6,Yes
C0238,Hridaan Dutta,50,Female,South,7,Yes
C0239,Sana Swaminathan,41,Female,South,8,Yes
C0240,Gatik Borde,25,Male,West,2,Yes
C0241,Vardaniya Gopal,44,Male,East,50,No
C0242,Pranay Dasgupta,42,Male,South,42,No
C0243,Kashvi Ganesh,24,Female,East,51,No
C0244,Parinaaz Vohra,53,Male,North,21,No
C0245,Yasmin Jain,43,Female,North,4,Yes
C0246,Alisha Kuruvilla,48,Male,East,59,No
C0247,Gatik Cheema,38,Male,South,34,No
C0248,Anika Dora,42,Female,North,51,No
C0249,Anika Thakkar,46,Male,North,16,No
C0250,Miraya Reddy,26,Male,South,25,No
C0251,Dhruv Bava,44,Female,West,51,No
C0252,Shlok Wason,26,Male,North,18,No
C0253,Ira Trivedi,26,Female,South,53,No
C0254,Priyansh Varma,49,Female,South,22,No
C0255,Samaira Chahal,43,Female,North,52,No
C0256,Neysa Sawhney,52,Female,North,53,No
C0257,Hazel Varkey,24,Male,South,23,No
C0258,Tushar Chad,37,Female,South,12,Yes
C0259,Diya Kar,48,Male,North,29,No
C0260,Ahana  Suri,53,Female,North,17,No
C0261,Raghav Borde,48,Male,South,6,Yes
C0262,Sara Sundaram,48,Female,West,22,No
C0263,Yuvaan Kibe,46,Male,Central,10,Yes
C0264,Jayan Shere,50,Female,North,30,No
C0265,Manjari Rattan,48,Female,South,34,No
C0266,Kaira Ahuja,42,Male,South,9,Yes
C0267,Nakul Datta,28,Male,Central,56,No
C0268,Tiya Anand,30,Male,North,3,Yes
C0269,Sahil Bajaj,30,Male,North,46,No
C0270,Anaya Master,50,Female,East,56,No
C0271,Misha Ramaswamy,41,Female,North,8,Yes
C0272,Kanav Kibe,40,Female,East,19,No
C0273,Nitara Kapur,40,Female,South,14,Yes
C0274,Madhav Khatri,39,Male,East,20,No
C0275,Reyansh Guha,53,Female,South,17,No
C0276,Hunar Bansal,49,Male,South,24,No
C0277,Divyansh Dora,24,Female,North,36,No
C0278,Madhup Basu,26,Male,North,43,No
C0279,Nakul Khurana,54,Male,South,39,No
C0280,Vedika Chadha,47,Female,East,11,Yes
C0281,Ivana Luthra,42,Male,South,39,No
C0282,Ishaan Roy,39,Female,West,53,No
C0283,Kanav Divan,30,Female,North,37,No
C0284,Suhana Bahl,40,Female,North,20,No
C0285,Anay Gopal,40,Female,East,23,No
C0286,Raunak Dugar,54,Male,East,38,No
C0287,Suhana Agrawal,22,Female,South,36,No
C0288,Mehul Chaudhary,52,Male,South,2,Yes
C0289,Vidur Bajaj,39,Male,South,48,No
C0290,Samaira Wali,23,Female,West,53,No
C0291,Nitya Seshadri,45,Male,North,54,No
C0292,Ritvik Kapadia,31,Female,North,30,No
C0293,Elakshi Bath,49,Female,West,29,No
C0294,Abram Tata,55,Male,South,45,No
C0295,Mamooty Kota,33,Female,East,43,No
C0296,Oorja Bajwa,50,Female,West,41,No
C0297,Hiran Kuruvilla,31,Male,West,5,Yes
C0298,Divyansh Suresh,24,Female,West,21,No
C0299,Umang Ahluwalia,54,Male,South,32,No
C0300,Jayan Chaudhary,49,Male,West,4,Yes
