FeedbackID,CustomerID,Month,SatisfactionScore,Complaints
F00001,C0001,Mar,2,4
F00002,C0001,Nov,2,6
F00003,C0001,Jan,4,5
F00004,C0001,Dec,3,8
F00005,C0001,Sep,1,7
F00006,C0001,Jul,4,5
F00007,C0001,Jun,3,6
F00008,C0002,Dec,3,6
F00009,C0002,Feb,1,7
F00010,C0002,Aug,4,3
F00011,C0002,Jul,3,3
F00012,C0002,Sep,4,3
F00013,C0002,Nov,3,4
F00014,C0002,Jan,4,8
F00015,C0003,May,4,7
F00016,C0003,Jan,1,4
F00017,C0003,Mar,2,5
F00018,C0003,Jun,3,6
F00019,C0003,Apr,2,5
F00020,C0003,Oct,3,6
F00021,C0003,Sep,1,9
F00022,C0004,Jul,8,2
F00023,C0004,Aug,8,2
F00024,C0004,Oct,9,0
F00025,C0004,Mar,6,0
F00026,C0004,May,7,0
F00027,C0004,Feb,6,2
F00028,C0004,Jun,6,1
F00029,C0005,Jun,4,3
F00030,C0005,Apr,1,7
F00031,C0005,Nov,3,3
F00032,C0005,Feb,1,9
F00033,C0005,Mar,1,6
F00034,C0005,Dec,3,7
F00035,C0005,Oct,1,4
F00036,C0006,Feb,3,6
F00037,C0006,Aug,4,8
F00038,C0006,Jul,3,4
F00039,C0006,Mar,2,8
F00040,C0006,Apr,2,6
F00041,C0006,Dec,2,3
F00042,C0007,Jan,8,1
F00043,C0007,Nov,6,1
F00044,C0007,Feb,7,2
F00045,C0007,Apr,9,0
F00046,C0007,Dec,7,2
F00047,C0007,Jul,9,2
F00048,C0007,Oct,8,1
F00049,C0007,Aug,7,0
F00050,C0008,Jul,3,3
F00051,C0008,Nov,1,6
F00052,C0008,Dec,2,3
F00053,C0008,Feb,3,3
F00054,C0008,Sep,2,9
F00055,C0008,Aug,3,9
F00056,C0008,May,3,6
F00057,C0009,Feb,3,6
F00058,C0009,Mar,1,7
F00059,C0009,May,1,7
F00060,C0009,Dec,4,5
F00061,C0009,Apr,1,3
F00062,C0009,Jul,3,6
F00063,C0010,Apr,8,2
F00064,C0010,Jun,6,0
F00065,C0010,Jan,9,0
F00066,C0010,Mar,6,1
F00067,C0010,Dec,6,1
F00068,C0010,May,6,2
F00069,C0011,Mar,7,2
F00070,C0011,May,8,1
F00071,C0011,Jan,9,1
F00072,C0011,Feb,7,0
F00073,C0011,Oct,6,0
F00074,C0011,Apr,7,2
F00075,C0011,Nov,9,2
F00076,C0012,Sep,9,2
F00077,C0012,Aug,7,1
F00078,C0012,Jan,9,2
F00079,C0012,Jul,7,0
F00080,C0013,Feb,1,4
F00081,C0013,Oct,2,3
F00082,C0013,Jun,1,4
F00083,C0013,Nov,4,8
F00084,C0013,Apr,1,9
F00085,C0013,Mar,1,9
F00086,C0013,Aug,2,9
F00087,C0014,Feb,7,1
F00088,C0014,Jan,6,1
F00089,C0014,Mar,8,2
F00090,C0014,Aug,7,1
F00091,C0015,Oct,6,1
F00092,C0015,Jul,7,1
F00093,C0015,Aug,8,0
F00094,C0015,Feb,9,2
F00095,C0015,Sep,8,1
F00096,C0016,May,1,3
F00097,C0016,Nov,3,6
F00098,C0016,Apr,4,5
F00099,C0016,Sep,1,4
F00100,C0016,Dec,2,9
F00101,C0016,Mar,2,5
F00102,C0016,Jun,2,3
F00103,C0016,Aug,3,8
F00104,C0017,Jan,6,1
F00105,C0017,Apr,6,1
F00106,C0017,Aug,8,2
F00107,C0017,Oct,9,1
F00108,C0017,Feb,6,0
F00109,C0018,Oct,4,3
F00110,C0018,Jul,2,4
F00111,C0018,Aug,4,4
F00112,C0018,Jan,4,7
F00113,C0018,Nov,1,8
F00114,C0018,Apr,3,3
F00115,C0019,Jun,6,1
F00116,C0019,Jan,9,1
F00117,C0019,Oct,6,0
F00118,C0019,Dec,9,2
F00119,C0019,May,8,2
F00120,C0019,Jul,9,1
F00121,C0019,Aug,8,0
F00122,C0019,Feb,9,1
F00123,C0020,Mar,7,2
F00124,C0020,Jan,8,1
F00125,C0020,May,9,0
F00126,C0020,Oct,8,1
F00127,C0020,Feb,8,2
F00128,C0021,Nov,8,1
F00129,C0021,Oct,7,1
F00130,C0021,Jan,9,0
F00131,C0021,Feb,9,0
F00132,C0021,May,9,0
F00133,C0021,Aug,8,1
F00134,C0022,Apr,6,1
F00135,C0022,Jul,7,1
F00136,C0022,Jan,8,1
F00137,C0022,Feb,9,0
F00138,C0022,May,7,2
F00139,C0022,Aug,7,0
F00140,C0022,Nov,6,0
F00141,C0022,Mar,6,2
F00142,C0023,Mar,8,0
F00143,C0023,Nov,7,0
F00144,C0023,Sep,8,1
F00145,C0023,Aug,6,2
F00146,C0024,Sep,6,2
F00147,C0024,Jan,9,0
F00148,C0024,Oct,6,0
F00149,C0024,Apr,7,1
F00150,C0024,Jun,8,2
F00151,C0024,Nov,9,0
F00152,C0025,May,8,1
F00153,C0025,Mar,8,2
F00154,C0025,Jan,6,0
F00155,C0025,Jun,8,0
F00156,C0025,Sep,8,0
F00157,C0025,Nov,6,0
F00158,C0025,Apr,7,1
F00159,C0026,Dec,2,6
F00160,C0026,Sep,1,3
F00161,C0026,Oct,2,7
F00162,C0026,Jun,4,7
F00163,C0026,Apr,1,9
F00164,C0026,Aug,1,7
F00165,C0026,May,4,8
F00166,C0026,Jan,4,5
F00167,C0027,Apr,8,0
F00168,C0027,Oct,9,1
F00169,C0027,May,6,2
F00170,C0027,Dec,7,1
F00171,C0027,Jun,9,1
F00172,C0027,Feb,6,1
F00173,C0028,Sep,7,2
F00174,C0028,Feb,7,1
F00175,C0028,Jun,7,2
F00176,C0028,Aug,8,1
F00177,C0028,Apr,8,1
F00178,C0028,Dec,6,0
F00179,C0028,Jul,9,1
F00180,C0028,Nov,7,2
F00181,C0029,Nov,4,5
F00182,C0029,Apr,4,8
F00183,C0029,Mar,1,4
F00184,C0029,Aug,1,9
F00185,C0029,Jan,4,3
F00186,C0029,Feb,2,3
F00187,C0029,Sep,2,7
F00188,C0030,Jul,8,0
F00189,C0030,Dec,8,1
F00190,C0030,Jun,6,2
F00191,C0030,Mar,6,0
F00192,C0030,Nov,8,1
F00193,C0030,Oct,9,2
F00194,C0030,May,9,2
F00195,C0030,Feb,9,1
F00196,C0031,Dec,8,2
F00197,C0031,Mar,9,1
F00198,C0031,Nov,8,1
F00199,C0031,Sep,7,2
F00200,C0031,Feb,8,0
F00201,C0031,Aug,7,1
F00202,C0031,Jan,9,1
F00203,C0032,Oct,9,1
F00204,C0032,Sep,8,1
F00205,C0032,Nov,8,0
F00206,C0032,Dec,7,0
F00207,C0033,Jul,8,1
F00208,C0033,Sep,7,0
F00209,C0033,May,8,1
F00210,C0033,Jun,9,1
F00211,C0033,Feb,7,0
F00212,C0034,May,1,4
F00213,C0034,Oct,2,3
F00214,C0034,Feb,1,7
F00215,C0034,Apr,2,3
F00216,C0034,Dec,4,9
F00217,C0034,Nov,1,5
F00218,C0035,May,4,5
F00219,C0035,Oct,1,8
F00220,C0035,Jul,1,6
F00221,C0035,Aug,4,6
F00222,C0035,Mar,3,3
F00223,C0036,May,2,8
F00224,C0036,Nov,1,5
F00225,C0036,Feb,2,7
F00226,C0036,Jun,3,5
F00227,C0036,Oct,4,8
F00228,C0037,Nov,8,0
F00229,C0037,Feb,6,2
F00230,C0037,Jun,6,0
F00231,C0037,Jan,7,2
F00232,C0037,Jul,9,0
F00233,C0037,Sep,7,1
F00234,C0037,Oct,9,0
F00235,C0037,May,9,0
F00236,C0038,May,6,1
F00237,C0038,Mar,7,2
F00238,C0038,Apr,7,0
F00239,C0038,Feb,9,2
F00240,C0038,Oct,8,2
F00241,C0038,Jan,9,2
F00242,C0038,Aug,7,2
F00243,C0039,Aug,9,1
F00244,C0039,Sep,9,2
F00245,C0039,Mar,8,2
F00246,C0039,May,9,1
F00247,C0039,Apr,6,0
F00248,C0039,Oct,6,1
F00249,C0040,Aug,3,8
F00250,C0040,Jun,1,5
F00251,C0040,Apr,4,8
F00252,C0040,Jul,2,9
F00253,C0040,Feb,4,9
F00254,C0040,Dec,4,7
F00255,C0040,Oct,4,8
F00256,C0041,Jan,9,0
F00257,C0041,May,8,1
F00258,C0041,Nov,8,1
F00259,C0041,Sep,9,1
F00260,C0041,Apr,9,1
F00261,C0042,Jan,6,1
F00262,C0042,May,9,1
F00263,C0042,Aug,7,2
F00264,C0042,Apr,7,2
F00265,C0042,Jun,7,2
F00266,C0042,Oct,6,2
F00267,C0043,Jun,6,2
F00268,C0043,Mar,8,1
F00269,C0043,Oct,6,2
F00270,C0043,Sep,6,2
F00271,C0043,Jan,7,1
F00272,C0043,Dec,7,0
F00273,C0043,Aug,9,2
F00274,C0043,Apr,7,1
F00275,C0044,Jun,6,0
F00276,C0044,Dec,6,2
F00277,C0044,Jul,6,2
F00278,C0044,Apr,9,1
F00279,C0044,Sep,6,0
F00280,C0045,May,6,1
F00281,C0045,Jan,9,0
F00282,C0045,Apr,8,0
F00283,C0045,Oct,6,0
F00284,C0045,Nov,9,0
F00285,C0045,Mar,6,2
F00286,C0046,Oct,3,6
F00287,C0046,Mar,1,5
F00288,C0046,Feb,3,6
F00289,C0046,Jul,2,3
F00290,C0046,Apr,3,8
F00291,C0046,Sep,4,6
F00292,C0046,May,3,6
F00293,C0046,Nov,1,4
F00294,C0047,Sep,9,2
F00295,C0047,May,9,1
F00296,C0047,Aug,6,1
F00297,C0047,Nov,7,2
F00298,C0047,Apr,6,1
F00299,C0047,Oct,7,1
F00300,C0047,Jan,8,1
F00301,C0048,Feb,1,7
F00302,C0048,Nov,2,4
F00303,C0048,May,4,7
F00304,C0048,Jun,2,3
F00305,C0048,Mar,2,6
F00306,C0048,Jul,4,7
F00307,C0048,Sep,2,3
F00308,C0048,Jan,4,5
F00309,C0049,May,4,9
F00310,C0049,Jun,1,5
F00311,C0049,Mar,2,9
F00312,C0049,Jan,4,7
F00313,C0049,Nov,4,5
F00314,C0049,Aug,2,5
F00315,C0049,Dec,4,8
F00316,C0050,Sep,9,0
F00317,C0050,Dec,6,0
F00318,C0050,Feb,6,0
F00319,C0050,Oct,7,1
F00320,C0050,Jul,6,0
F00321,C0050,Jun,9,1
F00322,C0050,Jan,7,2
F00323,C0051,Aug,4,5
F00324,C0051,Mar,3,7
F00325,C0051,Sep,3,7
F00326,C0051,Jul,3,7
F00327,C0051,Oct,2,4
F00328,C0051,Jan,3,7
F00329,C0051,Nov,2,9
F00330,C0051,Dec,3,7
F00331,C0052,May,7,2
F00332,C0052,Aug,9,0
F00333,C0052,Nov,8,1
F00334,C0052,Apr,7,0
F00335,C0052,Jun,9,0
F00336,C0052,Oct,6,1
F00337,C0052,Jul,7,0
F00338,C0052,Feb,6,2
F00339,C0053,Jun,2,5
F00340,C0053,Feb,1,4
F00341,C0053,Jan,3,5
F00342,C0053,Aug,4,7
F00343,C0053,Mar,3,5
F00344,C0053,Oct,4,5
F00345,C0053,Sep,2,3
F00346,C0054,Mar,2,9
F00347,C0054,Feb,4,5
F00348,C0054,Apr,3,9
F00349,C0054,May,4,4
F00350,C0054,Dec,2,3
F00351,C0054,Aug,2,4
F00352,C0054,Sep,1,9
F00353,C0054,Jan,2,4
F00354,C0055,Aug,7,2
F00355,C0055,Jan,9,1
F00356,C0055,Jun,9,1
F00357,C0055,Feb,8,2
F00358,C0055,Nov,6,0
F00359,C0056,Jul,6,2
F00360,C0056,Dec,7,0
F00361,C0056,Nov,8,2
F00362,C0056,Aug,7,1
F00363,C0056,Jun,9,1
F00364,C0056,Mar,8,2
F00365,C0056,May,6,2
F00366,C0056,Oct,9,2
F00367,C0057,Mar,4,4
F00368,C0057,Jan,2,6
F00369,C0057,Jun,3,4
F00370,C0057,Aug,1,4
F00371,C0057,Oct,4,5
F00372,C0057,Sep,2,3
F00373,C0058,May,3,3
F00374,C0058,Jun,3,8
F00375,C0058,Feb,4,6
F00376,C0058,Nov,1,8
F00377,C0058,Dec,3,5
F00378,C0058,Aug,1,7
F00379,C0058,Jan,1,9
F00380,C0058,Jul,4,7
F00381,C0059,Aug,6,2
F00382,C0059,Mar,7,2
F00383,C0059,Dec,7,0
F00384,C0059,Sep,6,1
F00385,C0059,Feb,6,0
F00386,C0059,Jan,9,2
F00387,C0059,Nov,6,1
F00388,C0060,Sep,8,2
F00389,C0060,May,8,2
F00390,C0060,Apr,7,2
F00391,C0060,Jan,8,2
F00392,C0061,Nov,6,0
F00393,C0061,Jul,7,2
F00394,C0061,Dec,8,0
F00395,C0061,Jan,7,1
F00396,C0062,May,4,4
F00397,C0062,Oct,1,5
F00398,C0062,Apr,3,7
F00399,C0062,Sep,3,3
F00400,C0063,Aug,1,4
F00401,C0063,Oct,1,4
F00402,C0063,Feb,3,7
F00403,C0063,Dec,1,9
F00404,C0063,Nov,2,9
F00405,C0063,Jan,1,4
F00406,C0064,Aug,7,1
F00407,C0064,Feb,6,1
F00408,C0064,Apr,8,0
F00409,C0064,May,8,0
F00410,C0064,Oct,8,1
F00411,C0064,Jun,7,0
F00412,C0065,Apr,6,1
F00413,C0065,Mar,8,2
F00414,C0065,May,8,1
F00415,C0065,Oct,9,2
F00416,C0065,Aug,7,0
F00417,C0065,Nov,9,0
F00418,C0066,Oct,8,0
F00419,C0066,Apr,7,1
F00420,C0066,Jul,7,1
F00421,C0066,Jun,8,0
F00422,C0066,May,6,2
F00423,C0066,Feb,7,1
F00424,C0066,Mar,7,1
F00425,C0066,Aug,8,1
F00426,C0067,Jul,6,0
F00427,C0067,Nov,9,1
F00428,C0067,Oct,8,1
F00429,C0067,Jan,6,0
F00430,C0067,Jun,8,1
F00431,C0067,Aug,7,1
F00432,C0067,Sep,7,0
F00433,C0067,Mar,9,2
F00434,C0068,Oct,8,2
F00435,C0068,Dec,8,2
F00436,C0068,Jul,8,1
F00437,C0068,Nov,9,1
F00438,C0068,Aug,6,0
F00439,C0068,Sep,6,1
F00440,C0068,Feb,9,1
F00441,C0069,Jul,7,2
F00442,C0069,Oct,7,0
F00443,C0069,Jan,8,0
F00444,C0069,Mar,6,1
F00445,C0069,Sep,7,1
F00446,C0069,Aug,9,1
F00447,C0069,May,7,1
F00448,C0069,Jun,6,2
F00449,C0070,Apr,7,0
F00450,C0070,Mar,7,1
F00451,C0070,May,6,2
F00452,C0070,Oct,7,0
F00453,C0070,Feb,8,0
F00454,C0071,Mar,4,8
F00455,C0071,Jun,4,9
F00456,C0071,Feb,4,8
F00457,C0071,Aug,2,9
F00458,C0071,Jul,1,6
F00459,C0071,Nov,2,5
F00460,C0071,Oct,2,6
F00461,C0072,May,9,2
F00462,C0072,Nov,6,0
F00463,C0072,Jul,7,0
F00464,C0072,Oct,8,1
F00465,C0072,Feb,8,2
F00466,C0072,Mar,6,2
F00467,C0073,Jul,8,1
F00468,C0073,Feb,6,1
F00469,C0073,Apr,9,2
F00470,C0073,Mar,7,1
F00471,C0073,Aug,7,1
F00472,C0073,Nov,8,1
F00473,C0073,Jan,9,0
F00474,C0073,Dec,8,1
F00475,C0074,Mar,1,5
F00476,C0074,Jul,1,8
F00477,C0074,Sep,4,9
F00478,C0074,Feb,1,4
F00479,C0074,Aug,3,4
F00480,C0075,Sep,9,0
F00481,C0075,Jul,8,1
F00482,C0075,Aug,8,2
F00483,C0075,Jan,6,2
F00484,C0075,Oct,9,2
F00485,C0075,Jun,8,1
F00486,C0075,Nov,8,2
F00487,C0075,Apr,8,0
F00488,C0076,Jul,6,1
F00489,C0076,Sep,8,0
F00490,C0076,Dec,9,1
F00491,C0076,Feb,6,1
F00492,C0076,Mar,8,0
F00493,C0077,Aug,8,1
F00494,C0077,Dec,9,1
F00495,C0077,Jun,8,0
F00496,C0077,Jan,8,0
F00497,C0078,Jun,1,7
F00498,C0078,Jul,1,5
F00499,C0078,Jan,1,7
F00500,C0078,Aug,4,4
F00501,C0078,Dec,2,3
F00502,C0078,Mar,1,4
F00503,C0079,Nov,9,2
F00504,C0079,Aug,7,2
F00505,C0079,Jul,9,0
F00506,C0079,May,6,1
F00507,C0079,Jun,8,0
F00508,C0080,Oct,8,2
F00509,C0080,Nov,8,1
F00510,C0080,Feb,9,0
F00511,C0080,Jul,7,2
F00512,C0080,Dec,8,2
F00513,C0081,Jul,8,2
F00514,C0081,Feb,7,2
F00515,C0081,Apr,6,1
F00516,C0081,May,9,0
F00517,C0082,May,2,8
F00518,C0082,Mar,3,5
F00519,C0082,Dec,1,6
F00520,C0082,Sep,2,3
F00521,C0082,Jan,4,8
F00522,C0082,Oct,2,5
F00523,C0082,Apr,3,6
F00524,C0083,Nov,2,3
F00525,C0083,Jun,3,8
F00526,C0083,Feb,4,7
F00527,C0083,Apr,4,8
F00528,C0083,Sep,3,7
F00529,C0083,Jan,4,6
F00530,C0083,Dec,1,5
F00531,C0083,Mar,3,5
F00532,C0084,Aug,7,2
F00533,C0084,Mar,9,1
F00534,C0084,Dec,9,0
F00535,C0084,Oct,6,2
F00536,C0084,Apr,9,2
F00537,C0084,May,8,0
F00538,C0085,Dec,8,1
F00539,C0085,Sep,9,0
F00540,C0085,Jun,7,2
F00541,C0085,May,7,2
F00542,C0085,Nov,8,2
F00543,C0086,Jul,7,1
F00544,C0086,Jan,6,0
F00545,C0086,May,9,0
F00546,C0086,Sep,7,0
F00547,C0086,Aug,8,0
F00548,C0086,Feb,7,2
F00549,C0086,Apr,9,2
F00550,C0087,Jun,6,2
F00551,C0087,Apr,8,2
F00552,C0087,Jul,9,0
F00553,C0087,May,9,1
F00554,C0087,Dec,9,1
F00555,C0087,Oct,9,0
F00556,C0087,Mar,7,1
F00557,C0088,Jan,6,1
F00558,C0088,Sep,9,1
F00559,C0088,Jun,9,0
F00560,C0088,Aug,6,2
F00561,C0088,Mar,7,0
F00562,C0088,Oct,6,2
F00563,C0089,Dec,1,5
F00564,C0089,Jul,1,8
F00565,C0089,Jan,4,7
F00566,C0089,Jun,2,9
F00567,C0089,Apr,2,6
F00568,C0089,Feb,3,8
F00569,C0089,May,2,4
F00570,C0089,Aug,4,8
F00571,C0090,Jun,7,2
F00572,C0090,Mar,9,1
F00573,C0090,May,7,2
F00574,C0090,Feb,9,0
F00575,C0090,Jan,7,1
F00576,C0091,Nov,1,8
F00577,C0091,Feb,1,8
F00578,C0091,Oct,4,9
F00579,C0091,Jun,4,9
F00580,C0091,Mar,4,3
F00581,C0091,Dec,4,5
F00582,C0091,Apr,1,8
F00583,C0091,Jan,1,6
F00584,C0092,Dec,9,1
F00585,C0092,Jan,6,0
F00586,C0092,May,7,1
F00587,C0092,Jul,6,2
F00588,C0092,Nov,7,1
F00589,C0092,Mar,9,2
F00590,C0092,Apr,8,0
F00591,C0093,Aug,6,1
F00592,C0093,Apr,9,0
F00593,C0093,May,8,1
F00594,C0093,Feb,8,2
F00595,C0093,Jun,9,1
F00596,C0094,Dec,2,7
F00597,C0094,May,3,3
F00598,C0094,Oct,2,5
F00599,C0094,Nov,3,8
F00600,C0094,Jan,3,5
F00601,C0094,Jul,2,7
F00602,C0094,Feb,3,6
F00603,C0095,Nov,9,1
F00604,C0095,May,7,0
F00605,C0095,Mar,7,2
F00606,C0095,Oct,8,0
F00607,C0095,Sep,6,1
F00608,C0095,Dec,8,2
F00609,C0095,Aug,9,1
F00610,C0096,Mar,4,8
F00611,C0096,Jun,2,9
F00612,C0096,Dec,4,4
F00613,C0096,Sep,4,6
F00614,C0096,Nov,1,8
F00615,C0096,May,1,5
F00616,C0096,Oct,2,5
F00617,C0096,Apr,2,4
F00618,C0097,May,9,1
F00619,C0097,Oct,6,2
F00620,C0097,Feb,7,2
F00621,C0097,Apr,7,1
F00622,C0097,Jun,6,1
F00623,C0098,Jun,6,0
F00624,C0098,Sep,9,2
F00625,C0098,Feb,7,0
F00626,C0098,May,8,2
F00627,C0099,Dec,7,0
F00628,C0099,Nov,8,2
F00629,C0099,Apr,8,0
F00630,C0099,Oct,7,2
F00631,C0099,Aug,6,0
F00632,C0100,May,9,0
F00633,C0100,Jan,6,1
F00634,C0100,Apr,6,0
F00635,C0100,Oct,9,0
F00636,C0100,Sep,9,0
F00637,C0100,Dec,9,0
F00638,C0100,Jul,6,2
F00639,C0100,Aug,7,2
F00640,C0101,May,2,7
F00641,C0101,Oct,4,3
F00642,C0101,Jan,3,9
F00643,C0101,Jul,4,7
F00644,C0101,Feb,3,6
F00645,C0101,Jun,2,5
F00646,C0101,Apr,4,7
F00647,C0102,Nov,8,2
F00648,C0102,May,8,2
F00649,C0102,Dec,9,0
F00650,C0102,Sep,7,1
F00651,C0102,Apr,6,1
F00652,C0102,Mar,9,1
F00653,C0103,Mar,9,1
F00654,C0103,Feb,7,0
F00655,C0103,Jul,6,0
F00656,C0103,May,7,1
F00657,C0103,Nov,8,1
F00658,C0104,Aug,9,0
F00659,C0104,Feb,7,2
F00660,C0104,May,7,1
F00661,C0104,Apr,9,2
F00662,C0104,Mar,9,2
F00663,C0104,Dec,8,0
F00664,C0104,Nov,8,1
F00665,C0104,Jun,8,1
F00666,C0105,May,8,1
F00667,C0105,Jun,9,1
F00668,C0105,Nov,6,1
F00669,C0105,Oct,6,1
F00670,C0105,Aug,8,2
F00671,C0106,Aug,8,1
F00672,C0106,May,8,0
F00673,C0106,Jan,8,1
F00674,C0106,Apr,9,1
F00675,C0106,Sep,7,0
F00676,C0107,Sep,9,2
F00677,C0107,Aug,9,0
F00678,C0107,May,9,2
F00679,C0107,Feb,9,0
F00680,C0107,Dec,8,2
F00681,C0107,Nov,9,0
F00682,C0107,Jul,6,0
F00683,C0107,Mar,8,1
F00684,C0108,Jun,8,2
F00685,C0108,Aug,9,0
F00686,C0108,May,7,2
F00687,C0108,Feb,8,2
F00688,C0108,Nov,7,2
F00689,C0108,Sep,6,1
F00690,C0108,Dec,7,1
F00691,C0108,Jan,8,2
F00692,C0109,May,7,0
F00693,C0109,Jan,8,1
F00694,C0109,Mar,7,1
F00695,C0109,Feb,8,1
F00696,C0109,Jun,7,2
F00697,C0109,Jul,8,1
F00698,C0109,Oct,6,0
F00699,C0109,Apr,6,2
F00700,C0110,Jul,6,2
F00701,C0110,Dec,9,0
F00702,C0110,Aug,8,2
F00703,C0110,Jan,9,1
F00704,C0110,Sep,8,2
F00705,C0110,May,6,2
F00706,C0110,Mar,6,2
F00707,C0111,Sep,1,7
F00708,C0111,Feb,4,7
F00709,C0111,Dec,2,9
F00710,C0111,Mar,1,9
F00711,C0112,May,8,1
F00712,C0112,Aug,9,0
F00713,C0112,Nov,9,2
F00714,C0112,Mar,8,0
F00715,C0112,Jun,9,0
F00716,C0112,Jan,6,0
F00717,C0112,Feb,8,1
F00718,C0113,May,7,2
F00719,C0113,Apr,8,2
F00720,C0113,Oct,7,0
F00721,C0113,Jun,7,0
F00722,C0113,Aug,8,0
F00723,C0114,Jan,7,2
F00724,C0114,Sep,8,0
F00725,C0114,Oct,8,1
F00726,C0114,Dec,7,2
F00727,C0115,Apr,7,0
F00728,C0115,May,8,0
F00729,C0115,Mar,7,1
F00730,C0115,Jul,6,1
F00731,C0115,Nov,6,1
F00732,C0116,Jul,2,4
F00733,C0116,Jan,4,7
F00734,C0116,Aug,1,3
F00735,C0116,Oct,2,7
F00736,C0116,Dec,1,4
F00737,C0117,Feb,9,0
F00738,C0117,Aug,7,0
F00739,C0117,Oct,8,1
F00740,C0117,Jun,8,2
F00741,C0117,Sep,6,1
F00742,C0118,Jan,6,1
F00743,C0118,Jul,8,1
F00744,C0118,Nov,6,1
F00745,C0118,Oct,8,0
F00746,C0119,Nov,1,5
F00747,C0119,Dec,3,3
F00748,C0119,Jul,2,9
F00749,C0119,Aug,2,4
F00750,C0120,Jan,6,2
F00751,C0120,Mar,7,2
F00752,C0120,Sep,8,1
F00753,C0120,Nov,9,0
F00754,C0120,Oct,9,0
F00755,C0120,Jun,7,2
F00756,C0120,Apr,7,2
F00757,C0120,Dec,7,1
F00758,C0121,Mar,8,1
F00759,C0121,Jan,8,1
F00760,C0121,Aug,8,0
F00761,C0121,Apr,6,1
F00762,C0122,Aug,6,2
F00763,C0122,Jan,9,2
F00764,C0122,Mar,7,0
F00765,C0122,Jul,6,0
F00766,C0123,Apr,9,1
F00767,C0123,Feb,9,0
F00768,C0123,Jul,6,1
F00769,C0123,Nov,9,1
F00770,C0123,Sep,8,0
F00771,C0123,Dec,8,2
F00772,C0124,Jun,7,0
F00773,C0124,Oct,7,0
F00774,C0124,Feb,7,2
F00775,C0124,Aug,6,2
F00776,C0124,Sep,6,2
F00777,C0124,Dec,9,1
F00778,C0124,May,6,0
F00779,C0124,Nov,7,1
F00780,C0125,Dec,8,0
F00781,C0125,Nov,8,1
F00782,C0125,May,8,2
F00783,C0125,Jun,7,2
F00784,C0125,Aug,6,2
F00785,C0126,Nov,6,0
F00786,C0126,Jan,7,1
F00787,C0126,Apr,8,0
F00788,C0126,Mar,9,1
F00789,C0126,Dec,8,0
F00790,C0126,Feb,9,1
F00791,C0126,Jun,7,1
F00792,C0127,May,8,0
F00793,C0127,Sep,8,1
F00794,C0127,Aug,9,2
F00795,C0127,Feb,9,2
F00796,C0127,Dec,6,2
F00797,C0127,Jun,8,2
F00798,C0127,Oct,8,0
F00799,C0127,Mar,8,1
F00800,C0128,Sep,9,0
F00801,C0128,Mar,6,2
F00802,C0128,Feb,8,0
F00803,C0128,Apr,8,1
F00804,C0129,Jul,7,0
F00805,C0129,Sep,7,0
F00806,C0129,Feb,7,2
F00807,C0129,Nov,8,2
F00808,C0129,Mar,7,2
F00809,C0129,Apr,6,2
F00810,C0129,May,8,2
F00811,C0130,Dec,1,8
F00812,C0130,Sep,2,8
F00813,C0130,Mar,2,9
F00814,C0130,Jun,2,7
F00815,C0130,Oct,4,9
F00816,C0131,May,4,6
F00817,C0131,Jan,4,5
F00818,C0131,Jul,2,8
F00819,C0131,Dec,3,3
F00820,C0131,Oct,1,5
F00821,C0132,Nov,2,6
F00822,C0132,May,2,9
F00823,C0132,Apr,2,6
F00824,C0132,Feb,2,8
F00825,C0132,Jan,4,6
F00826,C0132,Jul,2,4
F00827,C0132,Oct,3,3
F00828,C0132,Sep,2,5
F00829,C0133,Jul,4,4
F00830,C0133,Feb,3,9
F00831,C0133,Oct,3,3
F00832,C0133,Mar,1,7
F00833,C0133,Apr,3,7
F00834,C0134,Nov,9,1
F00835,C0134,Oct,6,2
F00836,C0134,Aug,9,0
F00837,C0134,Apr,6,2
F00838,C0135,May,9,1
F00839,C0135,Jan,7,2
F00840,C0135,Jul,9,1
F00841,C0135,Dec,7,2
F00842,C0135,Feb,6,0
F00843,C0135,Jun,8,0
F00844,C0136,Dec,3,5
F00845,C0136,Jul,3,6
F00846,C0136,Nov,3,5
F00847,C0136,Jan,1,3
F00848,C0136,Feb,1,8
F00849,C0136,Oct,4,4
F00850,C0136,Mar,4,4
F00851,C0137,Jul,9,2
F00852,C0137,Nov,9,0
F00853,C0137,May,6,2
F00854,C0137,Feb,6,2
F00855,C0137,Aug,6,0
F00856,C0137,Oct,7,1
F00857,C0137,Dec,9,1
F00858,C0137,Jun,6,1
F00859,C0138,Aug,9,2
F00860,C0138,Oct,6,0
F00861,C0138,Sep,7,0
F00862,C0138,Jan,8,0
F00863,C0138,Jul,8,1
F00864,C0138,Dec,6,2
F00865,C0138,Jun,9,1
F00866,C0139,Nov,6,1
F00867,C0139,Jun,9,2
F00868,C0139,Dec,8,0
F00869,C0139,Apr,7,2
F00870,C0139,May,8,2
F00871,C0139,Sep,9,1
F00872,C0140,Aug,3,9
F00873,C0140,Feb,3,3
F00874,C0140,Jun,1,8
F00875,C0140,Oct,4,5
F00876,C0140,Apr,4,8
F00877,C0141,Jul,3,9
F00878,C0141,Apr,4,5
F00879,C0141,May,2,4
F00880,C0141,Aug,3,3
F00881,C0141,Jun,1,4
F00882,C0142,May,2,3
F00883,C0142,Sep,1,8
F00884,C0142,Nov,4,9
F00885,C0142,Dec,3,4
F00886,C0142,Mar,3,7
F00887,C0142,Apr,3,6
F00888,C0142,Oct,2,6
F00889,C0142,Jan,1,9
F00890,C0143,Oct,1,4
F00891,C0143,Dec,2,8
F00892,C0143,Feb,3,3
F00893,C0143,Jun,4,4
F00894,C0143,Apr,2,4
F00895,C0143,Aug,2,6
F00896,C0144,Mar,4,9
F00897,C0144,Jan,4,6
F00898,C0144,May,2,6
F00899,C0144,Apr,2,9
F00900,C0144,Nov,4,8
F00901,C0145,Jul,8,2
F00902,C0145,May,8,0
F00903,C0145,Jun,7,1
F00904,C0145,Nov,7,2
F00905,C0145,Dec,7,0
F00906,C0145,Mar,9,2
F00907,C0145,Aug,8,0
F00908,C0145,Feb,7,2
F00909,C0146,Dec,6,1
F00910,C0146,Nov,9,1
F00911,C0146,Sep,9,0
F00912,C0146,Apr,7,0
F00913,C0146,Aug,9,2
F00914,C0146,Mar,6,1
F00915,C0147,Dec,8,2
F00916,C0147,Mar,6,2
F00917,C0147,Feb,9,1
F00918,C0147,Jun,7,1
F00919,C0147,Oct,7,2
F00920,C0147,Sep,9,1
F00921,C0147,Nov,8,1
F00922,C0148,Oct,1,7
F00923,C0148,Sep,1,8
F00924,C0148,Jul,3,7
F00925,C0148,Mar,1,9
F00926,C0148,Jun,1,7
F00927,C0149,Sep,2,7
F00928,C0149,Jul,2,9
F00929,C0149,Mar,2,3
F00930,C0149,Apr,4,8
F00931,C0150,Jun,4,9
F00932,C0150,Feb,4,6
F00933,C0150,Nov,4,4
F00934,C0150,Jul,3,4
F00935,C0151,May,8,1
F00936,C0151,Jun,6,0
F00937,C0151,Mar,8,1
F00938,C0151,Jul,7,0
F00939,C0152,Nov,6,2
F00940,C0152,Dec,8,0
F00941,C0152,Feb,6,2
F00942,C0152,Jun,6,2
F00943,C0152,Aug,8,0
F00944,C0152,Jul,7,0
F00945,C0153,Jan,8,0
F00946,C0153,Dec,7,0
F00947,C0153,Jun,9,0
F00948,C0153,Jul,7,1
F00949,C0153,May,6,2
F00950,C0153,Nov,7,2
F00951,C0153,Aug,8,2
F00952,C0153,Oct,7,1
F00953,C0154,Sep,1,9
F00954,C0154,Mar,3,5
F00955,C0154,Aug,1,5
F00956,C0154,Jan,2,7
F00957,C0154,Dec,2,3
F00958,C0155,Apr,4,9
F00959,C0155,Oct,4,3
F00960,C0155,Mar,1,5
F00961,C0155,Jun,2,5
F00962,C0155,Aug,2,4
F00963,C0155,Sep,4,4
F00964,C0155,May,4,3
F00965,C0156,Jan,8,2
F00966,C0156,Aug,9,2
F00967,C0156,Oct,7,1
F00968,C0156,Feb,8,0
F00969,C0156,Sep,9,0
F00970,C0156,Jun,8,2
F00971,C0157,Jul,6,1
F00972,C0157,Dec,9,2
F00973,C0157,Nov,9,1
F00974,C0157,Feb,9,1
F00975,C0157,Aug,6,2
F00976,C0157,Jan,6,0
F00977,C0157,Apr,6,1
F00978,C0158,Dec,6,0
F00979,C0158,Oct,8,1
F00980,C0158,Sep,7,1
F00981,C0158,Mar,6,2
F00982,C0158,Jun,9,2
F00983,C0158,Aug,7,2
F00984,C0158,Jan,8,2
F00985,C0158,May,6,0
F00986,C0159,Aug,6,2
F00987,C0159,Mar,7,1
F00988,C0159,Apr,7,2
F00989,C0159,Jun,6,0
F00990,C0160,Apr,7,1
F00991,C0160,Feb,7,1
F00992,C0160,May,9,0
F00993,C0160,Jan,7,0
F00994,C0160,Dec,7,2
F00995,C0160,Jun,8,1
F00996,C0160,Mar,8,0
F00997,C0161,Jul,2,9
F00998,C0161,Jan,4,5
F00999,C0161,Dec,1,8
F01000,C0161,Oct,4,3
F01001,C0161,Sep,4,4
F01002,C0161,Mar,2,3
F01003,C0162,Feb,7,2
F01004,C0162,Mar,8,0
F01005,C0162,Aug,8,2
F01006,C0162,Dec,9,1
F01007,C0163,May,7,0
F01008,C0163,Dec,9,0
F01009,C0163,Oct,7,2
F01010,C0163,Nov,6,1
F01011,C0163,Feb,9,0
F01012,C0163,Jul,6,0
F01013,C0163,Jan,6,1
F01014,C0163,Apr,7,0
F01015,C0164,Apr,9,2
F01016,C0164,Jul,7,1
F01017,C0164,Oct,6,2
F01018,C0164,Jun,7,0
F01019,C0165,Jan,3,4
F01020,C0165,Oct,3,6
F01021,C0165,Dec,2,8
F01022,C0165,Mar,1,6
F01023,C0165,Jun,4,4
F01024,C0165,Jul,3,7
F01025,C0166,Apr,9,0
F01026,C0166,Mar,9,0
F01027,C0166,Dec,7,2
F01028,C0166,Jun,8,2
F01029,C0167,Mar,6,1
F01030,C0167,Sep,6,2
F01031,C0167,Jun,7,2
F01032,C0167,Jan,8,1
F01033,C0167,Feb,6,0
F01034,C0168,Nov,6,2
F01035,C0168,Apr,6,1
F01036,C0168,Jan,6,0
F01037,C0168,Jul,6,2
F01038,C0169,Feb,9,2
F01039,C0169,Jan,7,2
F01040,C0169,Aug,9,2
F01041,C0169,Jul,8,1
F01042,C0169,May,9,1
F01043,C0169,Jun,7,1
F01044,C0169,Oct,8,0
F01045,C0169,Apr,7,1
F01046,C0170,Jul,4,9
F01047,C0170,May,3,4
F01048,C0170,Mar,1,6
F01049,C0170,Jun,4,8
F01050,C0170,Jan,2,6
F01051,C0171,Nov,9,1
F01052,C0171,Jun,9,1
F01053,C0171,Apr,9,1
F01054,C0171,Jul,8,1
F01055,C0171,Sep,8,2
F01056,C0172,Mar,7,2
F01057,C0172,Sep,8,1
F01058,C0172,Apr,9,1
F01059,C0172,Oct,8,0
F01060,C0172,Nov,9,0
F01061,C0172,Jun,9,0
F01062,C0172,Feb,9,1
F01063,C0173,Jul,9,0
F01064,C0173,Jan,9,0
F01065,C0173,Apr,7,1
F01066,C0173,Oct,7,1
F01067,C0173,Jun,7,2
F01068,C0173,May,9,2
F01069,C0173,Feb,7,0
F01070,C0173,Sep,9,1
F01071,C0174,Apr,6,0
F01072,C0174,Mar,6,0
F01073,C0174,Aug,6,1
F01074,C0174,Jun,6,1
F01075,C0174,Jan,8,0
F01076,C0174,Sep,7,0
F01077,C0174,Oct,8,0
F01078,C0175,Oct,7,1
F01079,C0175,Jun,8,0
F01080,C0175,Dec,7,0
F01081,C0175,Aug,7,1
F01082,C0175,Sep,6,2
F01083,C0175,Mar,9,0
F01084,C0176,Sep,4,3
F01085,C0176,Nov,1,4
F01086,C0176,Aug,4,6
F01087,C0176,May,4,6
F01088,C0176,Apr,2,9
F01089,C0176,Jan,1,7
F01090,C0176,Jun,3,6
F01091,C0176,Feb,2,6
F01092,C0177,Aug,8,0
F01093,C0177,Nov,8,0
F01094,C0177,Oct,7,0
F01095,C0177,Jun,8,2
F01096,C0178,Mar,8,2
F01097,C0178,Feb,9,0
F01098,C0178,Apr,9,0
F01099,C0178,Jun,8,1
F01100,C0178,May,7,2
F01101,C0178,Sep,8,2
F01102,C0178,Jan,6,1
F01103,C0179,Mar,9,1
F01104,C0179,Jan,6,1
F01105,C0179,Apr,9,2
F01106,C0179,May,6,1
F01107,C0179,Sep,6,0
F01108,C0179,Oct,6,2
F01109,C0180,Jan,8,2
F01110,C0180,May,9,1
F01111,C0180,Jul,8,2
F01112,C0180,Apr,9,1
F01113,C0180,Aug,8,0
F01114,C0180,Sep,8,2
F01115,C0180,Oct,8,2
F01116,C0180,Dec,7,1
F01117,C0181,May,1,3
F01118,C0181,Feb,2,9
F01119,C0181,Aug,1,4
F01120,C0181,Nov,1,4
F01121,C0181,Jun,3,3
F01122,C0181,Jul,2,7
F01123,C0182,Feb,6,0
F01124,C0182,Dec,9,2
F01125,C0182,Jan,8,2
F01126,C0182,Oct,6,2
F01127,C0182,Jun,6,0
F01128,C0183,Apr,6,1
F01129,C0183,Feb,7,0
F01130,C0183,Mar,6,2
F01131,C0183,Nov,6,1
F01132,C0183,Sep,8,2
F01133,C0184,Apr,6,1
F01134,C0184,Aug,7,2
F01135,C0184,Dec,6,0
F01136,C0184,Nov,7,0
F01137,C0184,Mar,8,0
F01138,C0184,Oct,7,2
F01139,C0184,Sep,6,2
F01140,C0184,May,6,0
F01141,C0185,Jun,9,2
F01142,C0185,Apr,8,0
F01143,C0185,Mar,9,1
F01144,C0185,Jul,8,2
F01145,C0185,May,7,2
F01146,C0186,Nov,7,0
F01147,C0186,Dec,6,0
F01148,C0186,May,9,1
F01149,C0186,Oct,6,2
F01150,C0187,Feb,3,8
F01151,C0187,Nov,1,7
F01152,C0187,Aug,3,8
F01153,C0187,Jan,3,6
F01154,C0187,Dec,3,8
F01155,C0187,Mar,4,5
F01156,C0187,May,4,5
F01157,C0188,Jun,8,1
F01158,C0188,Sep,9,1
F01159,C0188,Apr,8,1
F01160,C0188,Oct,9,1
F01161,C0188,Mar,9,0
F01162,C0188,Jan,7,2
F01163,C0188,Dec,9,1
F01164,C0189,Mar,4,5
F01165,C0189,Jun,1,6
F01166,C0189,Jul,2,4
F01167,C0189,Dec,2,4
F01168,C0190,Jan,3,5
F01169,C0190,Jul,2,3
F01170,C0190,Aug,4,6
F01171,C0190,Mar,2,5
F01172,C0191,May,9,2
F01173,C0191,Apr,6,1
F01174,C0191,Nov,6,0
F01175,C0191,Aug,8,2
F01176,C0191,Sep,9,2
F01177,C0191,Oct,8,0
F01178,C0191,Jul,7,2
F01179,C0191,Feb,9,0
F01180,C0192,Aug,9,2
F01181,C0192,Jan,6,2
F01182,C0192,May,7,2
F01183,C0192,Mar,8,1
F01184,C0192,Jun,8,2
F01185,C0192,Dec,7,1
F01186,C0192,Sep,9,0
F01187,C0193,Aug,2,5
F01188,C0193,Jun,2,9
F01189,C0193,Jul,3,8
F01190,C0193,Apr,4,9
F01191,C0194,Sep,3,9
F01192,C0194,Jun,2,8
F01193,C0194,Oct,2,9
F01194,C0194,Nov,2,6
F01195,C0194,Apr,4,3
F01196,C0194,Feb,3,7
F01197,C0195,Jul,1,7
F01198,C0195,Mar,4,6
F01199,C0195,Oct,3,3
F01200,C0195,Jun,4,6
F01201,C0196,May,7,0
F01202,C0196,Mar,6,1
F01203,C0196,Jun,8,2
F01204,C0196,Jan,9,2
F01205,C0196,Aug,7,1
F01206,C0197,Aug,7,2
F01207,C0197,Jun,6,1
F01208,C0197,Oct,6,2
F01209,C0197,Sep,7,2
F01210,C0197,Apr,8,0
F01211,C0197,Jul,9,1
F01212,C0198,May,8,0
F01213,C0198,Dec,6,2
F01214,C0198,Apr,9,0
F01215,C0198,Mar,8,1
F01216,C0199,Aug,9,1
F01217,C0199,Nov,6,1
F01218,C0199,Jul,9,1
F01219,C0199,Sep,7,2
F01220,C0199,Mar,9,1
F01221,C0200,Oct,6,1
F01222,C0200,Mar,9,1
F01223,C0200,Jun,7,1
F01224,C0200,Jan,9,2
F01225,C0200,Feb,6,2
F01226,C0201,Nov,3,5
F01227,C0201,Jun,1,7
F01228,C0201,Jul,1,8
F01229,C0201,Mar,2,6
F01230,C0201,Dec,1,3
F01231,C0201,May,2,4
F01232,C0201,Jan,1,7
F01233,C0202,Dec,8,0
F01234,C0202,Apr,9,1
F01235,C0202,Feb,6,1
F01236,C0202,Jun,9,2
F01237,C0202,Sep,6,2
F01238,C0203,Nov,9,0
F01239,C0203,Jul,6,1
F01240,C0203,Mar,7,0
F01241,C0203,Sep,6,2
F01242,C0203,Feb,6,0
F01243,C0203,Dec,7,1
F01244,C0203,Aug,6,0
F01245,C0204,Apr,3,6
F01246,C0204,Mar,4,3
F01247,C0204,Nov,3,6
F01248,C0204,Sep,1,8
F01249,C0204,Jun,4,7
F01250,C0205,Jan,7,0
F01251,C0205,Apr,9,0
F01252,C0205,Oct,8,2
F01253,C0205,Dec,6,2
F01254,C0206,Sep,1,8
F01255,C0206,Mar,3,5
F01256,C0206,Jul,3,7
F01257,C0206,Apr,4,4
F01258,C0206,Nov,2,9
F01259,C0206,May,3,5
F01260,C0207,Jun,4,3
F01261,C0207,May,4,7
F01262,C0207,Jul,4,4
F01263,C0207,Feb,2,3
F01264,C0207,Nov,1,6
F01265,C0208,Dec,7,2
F01266,C0208,Apr,8,1
F01267,C0208,Nov,9,0
F01268,C0208,May,7,2
F01269,C0209,Apr,7,1
F01270,C0209,Sep,7,1
F01271,C0209,Jan,9,2
F01272,C0209,May,8,1
F01273,C0209,Oct,9,2
F01274,C0209,Feb,7,1
F01275,C0210,Sep,6,0
F01276,C0210,Oct,6,0
F01277,C0210,May,8,0
F01278,C0210,Apr,8,1
F01279,C0210,Feb,9,2
F01280,C0210,Nov,7,0
F01281,C0210,Jan,6,1
F01282,C0211,Nov,8,1
F01283,C0211,Apr,6,1
F01284,C0211,Jul,6,0
F01285,C0211,Jun,8,0
F01286,C0211,Feb,8,1
F01287,C0212,Feb,6,0
F01288,C0212,Nov,6,2
F01289,C0212,Jan,7,1
F01290,C0212,Aug,8,1
F01291,C0212,Mar,6,2
F01292,C0213,Aug,1,3
F01293,C0213,Feb,4,6
F01294,C0213,Mar,4,6
F01295,C0213,Apr,2,3
F01296,C0213,Nov,1,8
F01297,C0213,Sep,1,9
F01298,C0213,Jun,3,8
F01299,C0213,Jul,3,8
F01300,C0214,Apr,4,9
F01301,C0214,May,1,8
F01302,C0214,Jan,1,9
F01303,C0214,Nov,4,7
F01304,C0214,Dec,4,9
F01305,C0214,Feb,2,8
F01306,C0214,Jun,1,5
F01307,C0215,Feb,7,1
F01308,C0215,Oct,8,2
F01309,C0215,Jun,7,1
F01310,C0215,Aug,8,1
F01311,C0215,Sep,7,2
F01312,C0215,May,9,1
F01313,C0216,Jun,6,2
F01314,C0216,May,8,0
F01315,C0216,Mar,8,1
F01316,C0216,Aug,9,1
F01317,C0216,Jul,7,0
F01318,C0216,Oct,8,2
F01319,C0216,Apr,7,2
F01320,C0217,Sep,9,0
F01321,C0217,Nov,9,0
F01322,C0217,Mar,6,2
F01323,C0217,Oct,6,2
F01324,C0217,Apr,6,1
F01325,C0217,Jul,7,2
F01326,C0218,Nov,8,2
F01327,C0218,Jun,9,2
F01328,C0218,Aug,9,0
F01329,C0218,Feb,8,2
F01330,C0218,Dec,9,2
F01331,C0219,Apr,7,2
F01332,C0219,Nov,6,2
F01333,C0219,Aug,6,1
F01334,C0219,Mar,7,0
F01335,C0220,Apr,2,3
F01336,C0220,Jul,1,3
F01337,C0220,May,3,3
F01338,C0220,Dec,2,4
F01339,C0220,Feb,1,3
F01340,C0220,Nov,3,6
F01341,C0221,Jul,8,1
F01342,C0221,Jun,9,1
F01343,C0221,Dec,7,1
F01344,C0221,Jan,9,2
F01345,C0222,Aug,3,3
F01346,C0222,Nov,3,8
F01347,C0222,Oct,4,9
F01348,C0222,Jan,4,9
F01349,C0222,Dec,1,6
F01350,C0222,Sep,3,8
F01351,C0222,Apr,4,3
F01352,C0222,Mar,4,3
F01353,C0223,Feb,6,1
F01354,C0223,Aug,9,2
F01355,C0223,May,8,0
F01356,C0223,Sep,9,0
F01357,C0223,Dec,8,1
F01358,C0223,Jan,9,0
F01359,C0223,Nov,9,0
F01360,C0224,Nov,4,3
F01361,C0224,Mar,2,6
F01362,C0224,Oct,3,8
F01363,C0224,Jan,4,9
F01364,C0225,Nov,2,3
F01365,C0225,Jan,3,7
F01366,C0225,May,3,6
F01367,C0225,Feb,1,8
F01368,C0225,Aug,2,9
F01369,C0225,Sep,1,4
F01370,C0225,Apr,4,6
F01371,C0225,Mar,2,3
F01372,C0226,Dec,2,5
F01373,C0226,Nov,4,4
F01374,C0226,Mar,4,9
F01375,C0226,Jul,1,3
F01376,C0226,Jan,2,4
F01377,C0226,Oct,2,8
F01378,C0226,Feb,1,6
F01379,C0227,Jun,6,1
F01380,C0227,Jul,9,0
F01381,C0227,Jan,8,1
F01382,C0227,Sep,9,0
F01383,C0227,Dec,6,0
F01384,C0227,Aug,8,2
F01385,C0227,May,8,1
F01386,C0228,Sep,2,8
F01387,C0228,Apr,2,6
F01388,C0228,Mar,3,7
F01389,C0228,Feb,3,6
F01390,C0228,Jan,1,9
F01391,C0228,Dec,2,7
F01392,C0228,Aug,4,3
F01393,C0229,Jan,6,1
F01394,C0229,Apr,6,2
F01395,C0229,Nov,6,0
F01396,C0229,Mar,8,2
F01397,C0229,May,6,1
F01398,C0229,Feb,7,1
F01399,C0229,Jun,7,1
F01400,C0229,Oct,7,0
F01401,C0230,Aug,1,4
F01402,C0230,Dec,2,9
F01403,C0230,Apr,2,9
F01404,C0230,Feb,1,6
F01405,C0230,Mar,1,7
F01406,C0230,Oct,2,4
F01407,C0230,May,4,9
F01408,C0231,Apr,8,1
F01409,C0231,May,6,0
F01410,C0231,Jul,8,1
F01411,C0231,Jan,9,2
F01412,C0231,Oct,7,2
F01413,C0231,Sep,7,1
F01414,C0232,Sep,1,6
F01415,C0232,Jul,1,7
F01416,C0232,Mar,1,8
F01417,C0232,Apr,2,9
F01418,C0232,May,1,5
F01419,C0232,Dec,3,6
F01420,C0232,Jan,3,6
F01421,C0232,Nov,3,5
F01422,C0233,Oct,7,1
F01423,C0233,Jun,8,0
F01424,C0233,May,9,1
F01425,C0233,Aug,6,1
F01426,C0233,Sep,8,1
F01427,C0233,Apr,8,2
F01428,C0233,Nov,7,1
F01429,C0233,Dec,8,0
F01430,C0234,Apr,8,1
F01431,C0234,Jun,9,2
F01432,C0234,May,7,2
F01433,C0234,Dec,7,2
F01434,C0234,Nov,8,0
F01435,C0234,Oct,8,2
F01436,C0234,Aug,8,0
F01437,C0234,Sep,9,2
F01438,C0235,Mar,7,2
F01439,C0235,Feb,9,1
F01440,C0235,May,7,1
F01441,C0235,Apr,9,2
F01442,C0235,Sep,8,2
F01443,C0235,Oct,9,2
F01444,C0235,Jun,8,0
F01445,C0235,Dec,8,2
F01446,C0236,May,9,0
F01447,C0236,Feb,6,0
F01448,C0236,Jul,8,1
F01449,C0236,Sep,9,2
F01450,C0237,May,4,7
F01451,C0237,Sep,1,6
F01452,C0237,Oct,4,6
F01453,C0237,Jul,3,3
F01454,C0237,Apr,2,4
F01455,C0237,Mar,1,5
F01456,C0237,Jan,1,3
F01457,C0237,Aug,1,5
F01458,C0238,Sep,1,8
F01459,C0238,Dec,4,4
F01460,C0238,May,1,8
F01461,C0238,Mar,1,3
F01462,C0239,Jun,4,4
F01463,C0239,Oct,2,4
F01464,C0239,May,3,7
F01465,C0239,Nov,3,9
F01466,C0240,Mar,2,9
F01467,C0240,Jan,4,4
F01468,C0240,Sep,1,4
F01469,C0240,Jun,1,7
F01470,C0240,Apr,3,9
F01471,C0241,Feb,7,0
F01472,C0241,Dec,7,1
F01473,C0241,Apr,6,0
F01474,C0241,Jul,7,2
F01475,C0241,Oct,8,1
F01476,C0241,Nov,9,1
F01477,C0241,Aug,7,0
F01478,C0242,Feb,7,2
F01479,C0242,Jul,9,2
F01480,C0242,Aug,9,0
F01481,C0242,Oct,8,0
F01482,C0243,Jul,9,1
F01483,C0243,Sep,7,1
F01484,C0243,Jun,7,2
F01485,C0243,Oct,6,2
F01486,C0243,Jan,9,0
F01487,C0243,Apr,9,0
F01488,C0243,May,7,1
F01489,C0244,Jul,9,0
F01490,C0244,May,7,2
F01491,C0244,Apr,6,1
F01492,C0244,Nov,6,1
F01493,C0244,Oct,8,1
F01494,C0244,Aug,9,0
F01495,C0245,Jul,2,5
F01496,C0245,Aug,3,5
F01497,C0245,Dec,4,4
F01498,C0245,Feb,2,4
F01499,C0245,Oct,2,9
F01500,C0245,Mar,1,6
F01501,C0245,Nov,3,3
F01502,C0246,Feb,8,0
F01503,C0246,Mar,8,1
F01504,C0246,Dec,7,1
F01505,C0246,Sep,7,1
F01506,C0246,Jan,8,0
F01507,C0247,Jul,7,0
F01508,C0247,May,6,2
F01509,C0247,Mar,7,1
F01510,C0247,Sep,9,1
F01511,C0247,Feb,7,0
F01512,C0248,Apr,6,1
F01513,C0248,Oct,7,2
F01514,C0248,Feb,6,1
F01515,C0248,Nov,8,2
F01516,C0249,Mar,8,0
F01517,C0249,Sep,8,2
F01518,C0249,Dec,6,2
F01519,C0249,Apr,6,1
F01520,C0249,Jan,7,0
F01521,C0250,Aug,8,2
F01522,C0250,Mar,8,1
F01523,C0250,Nov,7,1
F01524,C0250,Apr,7,2
F01525,C0251,Dec,6,1
F01526,C0251,Apr,7,0
F01527,C0251,Mar,8,1
F01528,C0251,Jan,9,2
F01529,C0252,Sep,8,2
F01530,C0252,Dec,9,1
F01531,C0252,Jul,9,0
F01532,C0252,Nov,9,0
F01533,C0252,Aug,6,0
F01534,C0252,Jun,6,2
F01535,C0252,May,8,1
F01536,C0253,Oct,8,1
F01537,C0253,Jul,6,1
F01538,C0253,Nov,9,0
F01539,C0253,Dec,6,0
F01540,C0254,Nov,7,0
F01541,C0254,Mar,7,1
F01542,C0254,Aug,8,1
F01543,C0254,Dec,9,1
F01544,C0254,May,9,1
F01545,C0254,Apr,7,1
F01546,C0254,Feb,7,1
F01547,C0255,Apr,8,0
F01548,C0255,Mar,8,1
F01549,C0255,Feb,9,2
F01550,C0255,May,9,0
F01551,C0256,May,8,1
F01552,C0256,Jun,7,1
F01553,C0256,Sep,7,0
F01554,C0256,Oct,6,0
F01555,C0256,Aug,8,0
F01556,C0256,Jan,6,2
F01557,C0256,Apr,7,2
F01558,C0256,Jul,8,0
F01559,C0257,Jul,8,1
F01560,C0257,Jun,6,2
F01561,C0257,Oct,6,1
F01562,C0257,Aug,9,1
F01563,C0257,Nov,6,2
F01564,C0257,May,6,0
F01565,C0257,Mar,9,1
F01566,C0258,Dec,1,7
F01567,C0258,Nov,4,5
F01568,C0258,May,4,4
F01569,C0258,Mar,1,3
F01570,C0258,Sep,3,3
F01571,C0258,Jul,2,4
F01572,C0258,Feb,4,7
F01573,C0259,Jul,7,0
F01574,C0259,Mar,6,0
F01575,C0259,Dec,6,1
F01576,C0259,Sep,9,0
F01577,C0259,May,7,1
F01578,C0260,Nov,8,2
F01579,C0260,Aug,8,1
F01580,C0260,Feb,8,2
F01581,C0260,Oct,8,2
F01582,C0260,Dec,8,2
F01583,C0261,Nov,2,4
F01584,C0261,Dec,1,6
F01585,C0261,Oct,4,5
F01586,C0261,Sep,3,7
F01587,C0261,May,3,6
F01588,C0262,Jan,7,0
F01589,C0262,Oct,7,1
F01590,C0262,May,7,0
F01591,C0262,Nov,8,1
F01592,C0262,Feb,9,1
F01593,C0262,Jul,8,1
F01594,C0262,Aug,6,0
F01595,C0263,Oct,4,6
F01596,C0263,Aug,4,4
F01597,C0263,Feb,4,6
F01598,C0263,Jun,1,5
F01599,C0263,Jan,3,3
F01600,C0264,Apr,9,0
F01601,C0264,Aug,8,0
F01602,C0264,Nov,7,1
F01603,C0264,Jul,7,2
F01604,C0264,Dec,8,2
F01605,C0264,Oct,9,0
F01606,C0265,Feb,9,1
F01607,C0265,Dec,6,2
F01608,C0265,Jan,7,0
F01609,C0265,Mar,6,1
F01610,C0266,Jan,1,3
F01611,C0266,Mar,2,5
F01612,C0266,May,3,3
F01613,C0266,Jun,1,7
F01614,C0266,Sep,1,3
F01615,C0267,Jan,8,2
F01616,C0267,Apr,6,2
F01617,C0267,Mar,8,0
F01618,C0267,Jul,6,1
F01619,C0267,Aug,8,0
F01620,C0267,Dec,6,1
F01621,C0267,Oct,7,2
F01622,C0267,May,8,0
F01623,C0268,Jun,3,5
F01624,C0268,Nov,4,6
F01625,C0268,Mar,2,9
F01626,C0268,Aug,3,8
F01627,C0268,Sep,3,4
F01628,C0268,Oct,2,6
F01629,C0268,May,2,8
F01630,C0269,Jan,6,1
F01631,C0269,Feb,7,0
F01632,C0269,Dec,6,1
F01633,C0269,Nov,8,2
F01634,C0269,Mar,8,2
F01635,C0270,Dec,8,2
F01636,C0270,Aug,7,1
F01637,C0270,Jul,6,1
F01638,C0270,Oct,7,1
F01639,C0270,Feb,7,1
F01640,C0271,Jan,2,9
F01641,C0271,Dec,4,6
F01642,C0271,May,4,9
F01643,C0271,Jul,3,6
F01644,C0272,Jun,7,1
F01645,C0272,Jul,9,0
F01646,C0272,Dec,9,1
F01647,C0272,Mar,7,0
F01648,C0272,Jan,7,0
F01649,C0273,Oct,3,8
F01650,C0273,Aug,3,9
F01651,C0273,May,3,5
F01652,C0273,Apr,1,3
F01653,C0273,Mar,4,9
F01654,C0273,Sep,2,4
F01655,C0273,Jan,2,5
F01656,C0273,Jun,3,7
F01657,C0274,Sep,6,1
F01658,C0274,Oct,8,2
F01659,C0274,Nov,9,0
F01660,C0274,Apr,8,1
F01661,C0274,Jul,6,1
F01662,C0274,Aug,6,1
F01663,C0274,Jun,9,1
F01664,C0275,Oct,7,2
F01665,C0275,Apr,8,1
F01666,C0275,Jun,8,0
F01667,C0275,Nov,7,0
F01668,C0275,Aug,7,1
F01669,C0275,Mar,7,1
F01670,C0275,Jul,6,1
F01671,C0275,Jan,6,0
F01672,C0276,Sep,6,1
F01673,C0276,Dec,7,2
F01674,C0276,Jul,8,0
F01675,C0276,Jan,7,1
F01676,C0276,May,8,0
F01677,C0276,Oct,7,0
F01678,C0277,Feb,8,0
F01679,C0277,Jun,8,2
F01680,C0277,Apr,8,1
F01681,C0277,Aug,7,1
F01682,C0277,Jan,7,2
F01683,C0277,Sep,7,1
F01684,C0277,Dec,6,1
F01685,C0278,Sep,6,0
F01686,C0278,Dec,7,0
F01687,C0278,Feb,8,0
F01688,C0278,Oct,6,1
F01689,C0278,Mar,8,0
F01690,C0278,Jul,9,2
F01691,C0279,Aug,6,1
F01692,C0279,Nov,6,1
F01693,C0279,Oct,7,1
F01694,C0279,May,7,2
F01695,C0280,Dec,2,5
F01696,C0280,Jan,2,7
F01697,C0280,Oct,2,6
F01698,C0280,Feb,3,3
F01699,C0280,Sep,3,9
F01700,C0280,Aug,4,9
F01701,C0281,Feb,9,2
F01702,C0281,Sep,6,2
F01703,C0281,Jul,7,2
F01704,C0281,Apr,9,2
F01705,C0281,Mar,9,1
F01706,C0281,Dec,8,2
F01707,C0281,May,8,0
F01708,C0282,Jan,8,0
F01709,C0282,Aug,8,2
F01710,C0282,Apr,8,1
F01711,C0282,Dec,6,1
F01712,C0283,Feb,9,1
F01713,C0283,Mar,8,0
F01714,C0283,Dec,6,2
F01715,C0283,Sep,8,0
F01716,C0283,Oct,8,2
F01717,C0283,May,9,1
F01718,C0283,Aug,6,0
F01719,C0284,May,9,0
F01720,C0284,Nov,8,1
F01721,C0284,Mar,9,0
F01722,C0284,Dec,8,0
F01723,C0285,May,7,2
F01724,C0285,Dec,6,0
F01725,C0285,Jul,6,1
F01726,C0285,Jan,6,0
F01727,C0285,Sep,8,1
F01728,C0285,Mar,8,0
F01729,C0285,Oct,7,2
F01730,C0286,Oct,8,2
F01731,C0286,Feb,6,2
F01732,C0286,Apr,8,2
F01733,C0286,Jan,8,0
F01734,C0286,May,9,0
F01735,C0287,Jul,6,0
F01736,C0287,Feb,6,0
F01737,C0287,Jun,9,0
F01738,C0287,May,9,1
F01739,C0287,Jan,9,2
F01740,C0287,Nov,6,1
F01741,C0288,Oct,2,4
F01742,C0288,Sep,1,8
F01743,C0288,Apr,1,6
F01744,C0288,Feb,2,8
F01745,C0288,Jun,2,4
F01746,C0289,Apr,9,2
F01747,C0289,Jul,7,0
F01748,C0289,Jan,9,0
F01749,C0289,Sep,9,0
F01750,C0289,May,8,1
F01751,C0289,Aug,7,1
F01752,C0289,Jun,9,2
F01753,C0289,Feb,8,1
F01754,C0290,Oct,6,0
F01755,C0290,Feb,9,2
F01756,C0290,Jul,7,2
F01757,C0290,May,8,2
F01758,C0290,Aug,7,2
F01759,C0291,Nov,6,0
F01760,C0291,Oct,7,2
F01761,C0291,Feb,6,2
F01762,C0291,Apr,6,2
F01763,C0291,Mar,9,0
F01764,C0292,May,6,2
F01765,C0292,Feb,6,1
F01766,C0292,Oct,6,1
F01767,C0292,Jan,7,1
F01768,C0292,Apr,7,0
F01769,C0293,Jun,8,1
F01770,C0293,Dec,7,2
F01771,C0293,Jul,7,0
F01772,C0293,Oct,9,1
F01773,C0294,Nov,8,1
F01774,C0294,Dec,6,1
F01775,C0294,Apr,6,1
F01776,C0294,Aug,9,0
F01777,C0294,Sep,6,0
F01778,C0295,Sep,8,1
F01779,C0295,May,7,1
F01780,C0295,Apr,6,1
F01781,C0295,Jul,6,2
F01782,C0295,Feb,9,1
F01783,C0295,Mar,8,2
F01784,C0295,Aug,7,1
F01785,C0296,Dec,7,1
F01786,C0296,May,7,1
F01787,C0296,Aug,7,0
F01788,C0296,Jul,7,2
F01789,C0296,Nov,9,1
F01790,C0297,Sep,3,7
F01791,C0297,Dec,3,8
F01792,C0297,Mar,1,5
F01793,C0297,Feb,3,8
F01794,C0297,May,4,3
F01795,C0298,Oct,8,0
F01796,C0298,Feb,7,2
F01797,C0298,Apr,9,2
F01798,C0298,May,6,0
F01799,C0299,Jun,6,1
F01800,C0299,Sep,7,0
F01801,C0299,Jul,6,2
F01802,C0299,Dec,8,2
F01803,C0300,May,3,3
F01804,C0300,Dec,4,6
F01805,C0300,Oct,2,4
F01806,C0300,Apr,3,3
F01807,C0300,Jul,3,5
F01808,C0300,Jun,4,9
F01809,C0300,Nov,2,7
