UsageID,CustomerID,Month,CallMinutes,DataUsage,MessagesSent
U00001,C0001,Jan,289,93,14
U00002,C0001,Feb,86,91,4
U00003,C0001,Mar,181,97,14
U00004,C0001,Apr,140,89,5
U00005,C0001,May,175,79,3
U00006,C0001,Jun,161,71,13
U00007,C0001,Jul,282,74,7
U00008,C0001,Aug,89,83,18
U00009,C0001,Sep,258,73,18
U00010,C0001,Oct,194,65,5
U00011,C0001,Nov,84,81,9
U00012,C0001,Dec,293,74,20
U00013,C0002,Jan,266,98,16
U00014,C0002,Feb,108,83,10
U00015,C0002,Mar,157,72,4
U00016,C0002,Apr,141,91,17
U00017,C0002,May,96,72,18
U00018,C0002,Jun,232,99,3
U00019,C0002,Jul,241,97,10
U00020,C0002,Aug,263,74,12
U00021,C0002,Sep,189,65,14
U00022,C0002,Oct,141,91,8
U00023,C0002,Nov,250,70,19
U00024,C0002,Dec,172,69,19
U00025,C0003,Jan,219,97,19
U00026,C0003,Feb,221,66,15
U00027,C0003,Mar,200,67,15
U00028,C0003,Apr,175,81,3
U00029,C0003,May,171,69,14
U00030,C0003,Jun,141,71,13
U00031,C0003,Jul,114,67,14
U00032,C0003,Aug,219,86,8
U00033,C0003,Sep,292,94,18
U00034,C0003,Oct,241,76,7
U00035,C0003,Nov,96,94,4
U00036,C0003,Dec,155,77,4
U00037,C0004,Jan,604,20,55
U00038,C0004,Feb,717,50,60
U00039,C0004,Mar,884,34,37
U00040,C0004,Apr,595,36,57
U00041,C0004,May,448,39,52
U00042,C0004,Jun,527,41,62
U00043,C0004,Jul,809,46,59
U00044,C0004,Aug,747,29,66
U00045,C0004,Sep,909,41,86
U00046,C0004,Oct,931,35,86
U00047,C0004,Nov,484,45,40
U00048,C0004,Dec,840,29,69
U00049,C0005,Jan,155,85,6
U00050,C0005,Feb,100,85,12
U00051,C0005,Mar,158,93,16
U00052,C0005,Apr,122,93,14
U00053,C0005,May,194,67,14
U00054,C0005,Jun,237,92,11
U00055,C0005,Jul,243,68,5
U00056,C0005,Aug,251,90,14
U00057,C0005,Sep,211,75,3
U00058,C0005,Oct,116,93,4
U00059,C0005,Nov,112,69,10
U00060,C0005,Dec,279,88,14
U00061,C0006,Jan,178,67,7
U00062,C0006,Feb,253,93,14
U00063,C0006,Mar,175,93,5
U00064,C0006,Apr,226,73,19
U00065,C0006,May,173,90,13
U00066,C0006,Jun,246,82,10
U00067,C0006,Jul,109,66,8
U00068,C0006,Aug,207,98,15
U00069,C0006,Sep,223,72,11
U00070,C0006,Oct,278,81,17
U00071,C0006,Nov,134,83,18
U00072,C0006,Dec,131,72,7
U00073,C0007,Jan,475,46,46
U00074,C0007,Feb,855,23,86
U00075,C0007,Mar,727,40,80
U00076,C0007,Apr,466,53,69
U00077,C0007,May,697,37,89
U00078,C0007,Jun,561,29,85
U00079,C0007,Jul,770,50,49
U00080,C0007,Aug,524,30,85
U00081,C0007,Sep,542,33,85
U00082,C0007,Oct,905,19,58
U00083,C0007,Nov,777,47,86
U00084,C0007,Dec,532,23,39
U00085,C0008,Jan,159,90,18
U00086,C0008,Feb,214,91,16
U00087,C0008,Mar,290,69,7
U00088,C0008,Apr,161,69,17
U00089,C0008,May,199,98,14
U00090,C0008,Jun,112,100,8
U00091,C0008,Jul,276,73,16
U00092,C0008,Aug,208,68,6
U00093,C0008,Sep,212,74,12
U00094,C0008,Oct,122,75,13
U00095,C0008,Nov,261,79,14
U00096,C0008,Dec,212,83,5
U00097,C0009,Jan,144,77,20
U00098,C0009,Feb,150,73,12
U00099,C0009,Mar,237,99,5
U00100,C0009,Apr,208,75,7
U00101,C0009,May,123,86,4
U00102,C0009,Jun,291,66,5
U00103,C0009,Jul,91,81,9
U00104,C0009,Aug,276,91,3
U00105,C0009,Sep,207,99,12
U00106,C0009,Oct,244,84,18
U00107,C0009,Nov,142,90,12
U00108,C0009,Dec,196,69,4
U00109,C0010,Jan,561,46,61
U00110,C0010,Feb,895,47,48
U00111,C0010,Mar,748,27,55
U00112,C0010,Apr,726,40,60
U00113,C0010,May,533,41,67
U00114,C0010,Jun,508,38,50
U00115,C0010,Jul,877,25,52
U00116,C0010,Aug,860,33,44
U00117,C0010,Sep,499,21,53
U00118,C0010,Oct,793,44,50
U00119,C0010,Nov,563,38,71
U00120,C0010,Dec,720,30,83
U00121,C0011,Jan,563,49,67
U00122,C0011,Feb,878,49,54
U00123,C0011,Mar,909,19,40
U00124,C0011,Apr,802,50,64
U00125,C0011,May,646,31,72
U00126,C0011,Jun,761,21,38
U00127,C0011,Jul,688,49,73
U00128,C0011,Aug,881,36,69
U00129,C0011,Sep,408,24,62
U00130,C0011,Oct,537,34,81
U00131,C0011,Nov,774,43,58
U00132,C0011,Dec,446,43,38
U00133,C0012,Jan,599,41,70
U00134,C0012,Feb,695,22,59
U00135,C0012,Mar,916,46,83
U00136,C0012,Apr,686,25,43
U00137,C0012,May,499,43,58
U00138,C0012,Jun,747,53,58
U00139,C0012,Jul,547,30,73
U00140,C0012,Aug,921,43,67
U00141,C0012,Sep,441,20,37
U00142,C0012,Oct,540,39,86
U00143,C0012,Nov,885,51,64
U00144,C0012,Dec,552,50,43
U00145,C0013,Jan,163,85,8
U00146,C0013,Feb,180,84,13
U00147,C0013,Mar,209,97,20
U00148,C0013,Apr,205,84,18
U00149,C0013,May,288,66,14
U00150,C0013,Jun,164,72,16
U00151,C0013,Jul,229,84,3
U00152,C0013,Aug,232,95,11
U00153,C0013,Sep,247,79,4
U00154,C0013,Oct,229,95,8
U00155,C0013,Nov,214,89,7
U00156,C0013,Dec,290,80,4
U00157,C0014,Jan,512,30,36
U00158,C0014,Feb,851,38,61
U00159,C0014,Mar,555,44,79
U00160,C0014,Apr,608,44,67
U00161,C0014,May,882,21,80
U00162,C0014,Jun,541,51,48
U00163,C0014,Jul,732,48,68
U00164,C0014,Aug,785,38,46
U00165,C0014,Sep,870,52,56
U00166,C0014,Oct,762,34,74
U00167,C0014,Nov,895,30,50
U00168,C0014,Dec,685,53,54
U00169,C0015,Jan,630,37,84
U00170,C0015,Feb,695,31,79
U00171,C0015,Mar,900,38,65
U00172,C0015,Apr,757,53,85
U00173,C0015,May,680,36,42
U00174,C0015,Jun,788,43,87
U00175,C0015,Jul,753,27,53
U00176,C0015,Aug,443,36,80
U00177,C0015,Sep,480,40,63
U00178,C0015,Oct,662,48,48
U00179,C0015,Nov,606,52,52
U00180,C0015,Dec,678,26,41
U00181,C0016,Jan,237,80,10
U00182,C0016,Feb,92,98,10
U00183,C0016,Mar,243,79,4
U00184,C0016,Apr,105,91,13
U00185,C0016,May,263,95,6
U00186,C0016,Jun,254,73,3
U00187,C0016,Jul,220,75,16
U00188,C0016,Aug,247,95,18
U00189,C0016,Sep,246,77,12
U00190,C0016,Oct,162,83,4
U00191,C0016,Nov,276,70,10
U00192,C0016,Dec,216,67,8
U00193,C0017,Jan,827,29,37
U00194,C0017,Feb,806,49,46
U00195,C0017,Mar,696,20,35
U00196,C0017,Apr,705,54,73
U00197,C0017,May,509,39,53
U00198,C0017,Jun,865,52,68
U00199,C0017,Jul,905,26,89
U00200,C0017,Aug,916,47,52
U00201,C0017,Sep,597,25,56
U00202,C0017,Oct,566,47,76
U00203,C0017,Nov,663,29,35
U00204,C0017,Dec,745,36,71
U00205,C0018,Jan,252,77,8
U00206,C0018,Feb,236,90,16
U00207,C0018,Mar,211,85,5
U00208,C0018,Apr,182,71,8
U00209,C0018,May,115,95,13
U00210,C0018,Jun,143,65,11
U00211,C0018,Jul,178,80,17
U00212,C0018,Aug,272,82,13
U00213,C0018,Sep,157,65,11
U00214,C0018,Oct,247,88,10
U00215,C0018,Nov,95,72,17
U00216,C0018,Dec,158,75,15
U00217,C0019,Jan,914,37,79
U00218,C0019,Feb,520,36,58
U00219,C0019,Mar,626,32,43
U00220,C0019,Apr,889,27,64
U00221,C0019,May,782,44,79
U00222,C0019,Jun,882,52,86
U00223,C0019,Jul,623,33,78
U00224,C0019,Aug,483,51,63
U00225,C0019,Sep,940,41,39
U00226,C0019,Oct,514,21,88
U00227,C0019,Nov,917,30,71
U00228,C0019,Dec,949,27,45
U00229,C0020,Jan,735,51,63
U00230,C0020,Feb,519,31,80
U00231,C0020,Mar,900,23,67
U00232,C0020,Apr,856,21,64
U00233,C0020,May,535,50,61
U00234,C0020,Jun,867,54,38
U00235,C0020,Jul,873,37,81
U00236,C0020,Aug,422,43,51
U00237,C0020,Sep,403,31,72
U00238,C0020,Oct,474,20,62
U00239,C0020,Nov,752,22,69
U00240,C0020,Dec,461,22,65
U00241,C0021,Jan,432,36,61
U00242,C0021,Feb,584,26,84
U00243,C0021,Mar,830,41,59
U00244,C0021,Apr,859,42,59
U00245,C0021,May,482,52,43
U00246,C0021,Jun,756,25,46
U00247,C0021,Jul,950,43,68
U00248,C0021,Aug,530,32,88
U00249,C0021,Sep,403,19,54
U00250,C0021,Oct,874,52,62
U00251,C0021,Nov,944,42,87
U00252,C0021,Dec,635,33,64
U00253,C0022,Jan,754,27,52
U00254,C0022,Feb,593,25,37
U00255,C0022,Mar,829,19,50
U00256,C0022,Apr,611,22,41
U00257,C0022,May,434,46,73
U00258,C0022,Jun,449,33,82
U00259,C0022,Jul,445,43,63
U00260,C0022,Aug,639,52,48
U00261,C0022,Sep,457,26,67
U00262,C0022,Oct,696,32,87
U00263,C0022,Nov,726,54,73
U00264,C0022,Dec,728,33,54
U00265,C0023,Jan,546,51,49
U00266,C0023,Feb,823,37,52
U00267,C0023,Mar,462,53,72
U00268,C0023,Apr,579,45,70
U00269,C0023,May,907,21,57
U00270,C0023,Jun,790,51,55
U00271,C0023,Jul,826,44,44
U00272,C0023,Aug,707,42,46
U00273,C0023,Sep,950,48,50
U00274,C0023,Oct,630,37,89
U00275,C0023,Nov,547,47,38
U00276,C0023,Dec,822,44,70
U00277,C0024,Jan,942,26,59
U00278,C0024,Feb,648,34,48
U00279,C0024,Mar,738,23,63
U00280,C0024,Apr,779,23,69
U00281,C0024,May,595,21,52
U00282,C0024,Jun,786,20,90
U00283,C0024,Jul,474,30,86
U00284,C0024,Aug,622,48,48
U00285,C0024,Sep,740,37,35
U00286,C0024,Oct,616,30,82
U00287,C0024,Nov,520,48,50
U00288,C0024,Dec,609,43,50
U00289,C0025,Jan,729,36,59
U00290,C0025,Feb,877,52,76
U00291,C0025,Mar,767,37,51
U00292,C0025,Apr,768,50,66
U00293,C0025,May,877,24,86
U00294,C0025,Jun,880,38,48
U00295,C0025,Jul,779,38,61
U00296,C0025,Aug,446,54,90
U00297,C0025,Sep,626,27,36
U00298,C0025,Oct,667,53,72
U00299,C0025,Nov,827,36,44
U00300,C0025,Dec,600,39,49
U00301,C0026,Jan,177,80,18
U00302,C0026,Feb,220,86,11
U00303,C0026,Mar,275,96,18
U00304,C0026,Apr,197,75,14
U00305,C0026,May,123,73,20
U00306,C0026,Jun,205,76,20
U00307,C0026,Jul,244,68,19
U00308,C0026,Aug,88,69,4
U00309,C0026,Sep,275,65,16
U00310,C0026,Oct,115,79,5
U00311,C0026,Nov,261,74,3
U00312,C0026,Dec,135,97,17
U00313,C0027,Jan,782,21,74
U00314,C0027,Feb,894,49,36
U00315,C0027,Mar,406,52,70
U00316,C0027,Apr,821,18,36
U00317,C0027,May,942,35,69
U00318,C0027,Jun,693,19,67
U00319,C0027,Jul,840,29,41
U00320,C0027,Aug,498,51,44
U00321,C0027,Sep,646,30,74
U00322,C0027,Oct,939,34,87
U00323,C0027,Nov,762,35,85
U00324,C0027,Dec,806,23,58
U00325,C0028,Jan,815,47,71
U00326,C0028,Feb,649,32,54
U00327,C0028,Mar,482,20,40
U00328,C0028,Apr,815,42,59
U00329,C0028,May,887,21,75
U00330,C0028,Jun,409,28,40
U00331,C0028,Jul,911,45,76
U00332,C0028,Aug,739,54,89
U00333,C0028,Sep,497,51,37
U00334,C0028,Oct,635,31,90
U00335,C0028,Nov,886,35,37
U00336,C0028,Dec,476,35,69
U00337,C0029,Jan,224,67,8
U00338,C0029,Feb,297,85,3
U00339,C0029,Mar,133,74,15
U00340,C0029,Apr,99,84,8
U00341,C0029,May,224,80,15
U00342,C0029,Jun,253,99,13
U00343,C0029,Jul,178,73,5
U00344,C0029,Aug,208,87,4
U00345,C0029,Sep,105,92,10
U00346,C0029,Oct,294,69,13
U00347,C0029,Nov,234,90,13
U00348,C0029,Dec,87,82,17
U00349,C0030,Jan,902,32,57
U00350,C0030,Feb,784,45,46
U00351,C0030,Mar,789,23,84
U00352,C0030,Apr,702,33,80
U00353,C0030,May,475,23,52
U00354,C0030,Jun,557,42,80
U00355,C0030,Jul,557,42,55
U00356,C0030,Aug,769,24,40
U00357,C0030,Sep,405,37,63
U00358,C0030,Oct,768,35,41
U00359,C0030,Nov,535,23,46
U00360,C0030,Dec,841,46,70
U00361,C0031,Jan,924,44,41
U00362,C0031,Feb,426,23,57
U00363,C0031,Mar,495,38,90
U00364,C0031,Apr,794,18,53
U00365,C0031,May,823,42,84
U00366,C0031,Jun,486,53,50
U00367,C0031,Jul,933,28,78
U00368,C0031,Aug,789,28,43
U00369,C0031,Sep,675,37,52
U00370,C0031,Oct,904,27,39
U00371,C0031,Nov,571,45,52
U00372,C0031,Dec,831,37,65
U00373,C0032,Jan,478,41,51
U00374,C0032,Feb,652,49,73
U00375,C0032,Mar,600,47,41
U00376,C0032,Apr,538,37,35
U00377,C0032,May,805,39,88
U00378,C0032,Jun,789,39,63
U00379,C0032,Jul,742,45,87
U00380,C0032,Aug,539,37,55
U00381,C0032,Sep,605,48,55
U00382,C0032,Oct,581,43,55
U00383,C0032,Nov,698,49,71
U00384,C0032,Dec,648,38,59
U00385,C0033,Jan,687,43,58
U00386,C0033,Feb,516,54,47
U00387,C0033,Mar,584,53,36
U00388,C0033,Apr,872,31,63
U00389,C0033,May,698,22,87
U00390,C0033,Jun,818,49,43
U00391,C0033,Jul,710,33,51
U00392,C0033,Aug,557,45,85
U00393,C0033,Sep,786,22,63
U00394,C0033,Oct,890,55,60
U00395,C0033,Nov,947,50,90
U00396,C0033,Dec,828,52,37
U00397,C0034,Jan,282,88,20
U00398,C0034,Feb,232,70,6
U00399,C0034,Mar,276,80,14
U00400,C0034,Apr,122,67,15
U00401,C0034,May,272,86,16
U00402,C0034,Jun,107,65,6
U00403,C0034,Jul,146,79,19
U00404,C0034,Aug,271,98,20
U00405,C0034,Sep,228,79,17
U00406,C0034,Oct,175,90,17
U00407,C0034,Nov,277,97,7
U00408,C0034,Dec,168,66,18
U00409,C0035,Jan,106,83,16
U00410,C0035,Feb,101,72,7
U00411,C0035,Mar,169,84,13
U00412,C0035,Apr,196,78,19
U00413,C0035,May,203,87,18
U00414,C0035,Jun,104,93,17
U00415,C0035,Jul,161,69,12
U00416,C0035,Aug,91,72,3
U00417,C0035,Sep,297,86,6
U00418,C0035,Oct,253,75,10
U00419,C0035,Nov,212,76,20
U00420,C0035,Dec,120,86,20
U00421,C0036,Jan,189,94,10
U00422,C0036,Feb,284,90,8
U00423,C0036,Mar,127,92,15
U00424,C0036,Apr,87,77,17
U00425,C0036,May,231,92,15
U00426,C0036,Jun,81,78,9
U00427,C0036,Jul,151,69,6
U00428,C0036,Aug,284,99,8
U00429,C0036,Sep,173,85,9
U00430,C0036,Oct,197,72,11
U00431,C0036,Nov,251,96,19
U00432,C0036,Dec,243,85,15
U00433,C0037,Jan,801,55,42
U00434,C0037,Feb,756,40,89
U00435,C0037,Mar,868,29,87
U00436,C0037,Apr,704,55,40
U00437,C0037,May,537,38,42
U00438,C0037,Jun,644,37,42
U00439,C0037,Jul,587,41,79
U00440,C0037,Aug,544,50,59
U00441,C0037,Sep,828,26,71
U00442,C0037,Oct,792,45,46
U00443,C0037,Nov,898,52,79
U00444,C0037,Dec,577,53,45
U00445,C0038,Jan,901,36,43
U00446,C0038,Feb,591,38,88
U00447,C0038,Mar,861,21,90
U00448,C0038,Apr,767,18,66
U00449,C0038,May,539,30,87
U00450,C0038,Jun,793,53,67
U00451,C0038,Jul,906,44,78
U00452,C0038,Aug,903,44,80
U00453,C0038,Sep,854,49,45
U00454,C0038,Oct,484,54,36
U00455,C0038,Nov,625,36,37
U00456,C0038,Dec,681,32,69
U00457,C0039,Jan,695,28,84
U00458,C0039,Feb,868,54,82
U00459,C0039,Mar,907,53,67
U00460,C0039,Apr,515,54,42
U00461,C0039,May,674,52,87
U00462,C0039,Jun,775,52,87
U00463,C0039,Jul,442,46,69
U00464,C0039,Aug,623,45,41
U00465,C0039,Sep,653,37,90
U00466,C0039,Oct,433,46,51
U00467,C0039,Nov,756,23,63
U00468,C0039,Dec,520,33,48
U00469,C0040,Jan,287,87,16
U00470,C0040,Feb,122,73,9
U00471,C0040,Mar,288,78,4
U00472,C0040,Apr,225,87,20
U00473,C0040,May,151,99,8
U00474,C0040,Jun,162,83,12
U00475,C0040,Jul,226,82,19
U00476,C0040,Aug,253,71,7
U00477,C0040,Sep,272,91,4
U00478,C0040,Oct,150,73,7
U00479,C0040,Nov,143,74,13
U00480,C0040,Dec,292,80,15
U00481,C0041,Jan,901,27,71
U00482,C0041,Feb,675,44,59
U00483,C0041,Mar,862,22,75
U00484,C0041,Apr,495,43,67
U00485,C0041,May,684,41,64
U00486,C0041,Jun,899,38,72
U00487,C0041,Jul,402,23,81
U00488,C0041,Aug,869,40,89
U00489,C0041,Sep,464,52,60
U00490,C0041,Oct,623,45,87
U00491,C0041,Nov,616,49,52
U00492,C0041,Dec,730,36,56
U00493,C0042,Jan,533,54,89
U00494,C0042,Feb,896,39,78
U00495,C0042,Mar,449,20,41
U00496,C0042,Apr,870,19,42
U00497,C0042,May,561,46,64
U00498,C0042,Jun,400,45,47
U00499,C0042,Jul,535,37,45
U00500,C0042,Aug,680,23,76
U00501,C0042,Sep,769,34,40
U00502,C0042,Oct,780,28,38
U00503,C0042,Nov,805,37,81
U00504,C0042,Dec,639,45,76
U00505,C0043,Jan,493,24,35
U00506,C0043,Feb,618,48,39
U00507,C0043,Mar,535,55,49
U00508,C0043,Apr,931,46,35
U00509,C0043,May,408,39,87
U00510,C0043,Jun,523,45,79
U00511,C0043,Jul,535,48,39
U00512,C0043,Aug,634,42,40
U00513,C0043,Sep,504,24,55
U00514,C0043,Oct,776,37,43
U00515,C0043,Nov,791,26,76
U00516,C0043,Dec,546,22,68
U00517,C0044,Jan,408,28,63
U00518,C0044,Feb,759,31,75
U00519,C0044,Mar,555,44,74
U00520,C0044,Apr,853,31,40
U00521,C0044,May,502,26,83
U00522,C0044,Jun,526,55,81
U00523,C0044,Jul,793,40,62
U00524,C0044,Aug,722,26,50
U00525,C0044,Sep,683,23,50
U00526,C0044,Oct,691,19,89
U00527,C0044,Nov,708,31,68
U00528,C0044,Dec,921,30,82
U00529,C0045,Jan,801,36,76
U00530,C0045,Feb,455,33,66
U00531,C0045,Mar,795,25,50
U00532,C0045,Apr,911,22,68
U00533,C0045,May,412,41,55
U00534,C0045,Jun,535,42,90
U00535,C0045,Jul,830,41,69
U00536,C0045,Aug,576,48,84
U00537,C0045,Sep,474,19,72
U00538,C0045,Oct,469,18,51
U00539,C0045,Nov,620,20,38
U00540,C0045,Dec,807,50,53
U00541,C0046,Jan,240,97,16
U00542,C0046,Feb,188,90,5
U00543,C0046,Mar,243,99,20
U00544,C0046,Apr,237,74,11
U00545,C0046,May,101,84,5
U00546,C0046,Jun,210,78,7
U00547,C0046,Jul,217,85,15
U00548,C0046,Aug,230,69,12
U00549,C0046,Sep,258,92,10
U00550,C0046,Oct,94,80,5
U00551,C0046,Nov,191,72,17
U00552,C0046,Dec,236,68,12
U00553,C0047,Jan,579,25,35
U00554,C0047,Feb,540,18,45
U00555,C0047,Mar,908,40,68
U00556,C0047,Apr,929,34,45
U00557,C0047,May,780,26,82
U00558,C0047,Jun,675,25,84
U00559,C0047,Jul,430,39,86
U00560,C0047,Aug,839,35,68
U00561,C0047,Sep,465,34,80
U00562,C0047,Oct,478,49,64
U00563,C0047,Nov,923,41,38
U00564,C0047,Dec,911,54,45
U00565,C0048,Jan,174,75,11
U00566,C0048,Feb,277,71,6
U00567,C0048,Mar,138,97,3
U00568,C0048,Apr,91,65,10
U00569,C0048,May,91,95,14
U00570,C0048,Jun,178,74,8
U00571,C0048,Jul,299,67,20
U00572,C0048,Aug,285,91,10
U00573,C0048,Sep,162,80,16
U00574,C0048,Oct,264,85,11
U00575,C0048,Nov,291,69,14
U00576,C0048,Dec,110,97,4
U00577,C0049,Jan,125,79,19
U00578,C0049,Feb,91,90,5
U00579,C0049,Mar,199,83,12
U00580,C0049,Apr,163,70,20
U00581,C0049,May,196,65,14
U00582,C0049,Jun,131,83,12
U00583,C0049,Jul,269,80,17
U00584,C0049,Aug,174,96,9
U00585,C0049,Sep,267,99,10
U00586,C0049,Oct,118,65,16
U00587,C0049,Nov,86,79,20
U00588,C0049,Dec,168,65,13
U00589,C0050,Jan,401,42,89
U00590,C0050,Feb,714,24,48
U00591,C0050,Mar,942,33,61
U00592,C0050,Apr,903,21,44
U00593,C0050,May,686,23,37
U00594,C0050,Jun,637,51,61
U00595,C0050,Jul,781,47,82
U00596,C0050,Aug,486,55,41
U00597,C0050,Sep,917,26,75
U00598,C0050,Oct,803,22,72
U00599,C0050,Nov,463,45,77
U00600,C0050,Dec,533,33,53
U00601,C0051,Jan,146,85,15
U00602,C0051,Feb,259,85,13
U00603,C0051,Mar,195,82,10
U00604,C0051,Apr,99,77,7
U00605,C0051,May,279,71,7
U00606,C0051,Jun,107,75,17
U00607,C0051,Jul,199,85,16
U00608,C0051,Aug,110,99,14
U00609,C0051,Sep,277,78,17
U00610,C0051,Oct,158,94,11
U00611,C0051,Nov,298,72,5
U00612,C0051,Dec,120,84,4
U00613,C0052,Jan,620,38,44
U00614,C0052,Feb,493,33,57
U00615,C0052,Mar,805,50,38
U00616,C0052,Apr,706,34,87
U00617,C0052,May,578,19,60
U00618,C0052,Jun,863,53,82
U00619,C0052,Jul,655,24,64
U00620,C0052,Aug,504,26,42
U00621,C0052,Sep,412,21,88
U00622,C0052,Oct,627,26,47
U00623,C0052,Nov,810,41,78
U00624,C0052,Dec,486,55,72
U00625,C0053,Jan,146,69,3
U00626,C0053,Feb,96,77,17
U00627,C0053,Mar,287,73,5
U00628,C0053,Apr,296,86,6
U00629,C0053,May,90,94,4
U00630,C0053,Jun,123,92,15
U00631,C0053,Jul,207,66,15
U00632,C0053,Aug,254,92,8
U00633,C0053,Sep,170,78,8
U00634,C0053,Oct,150,82,17
U00635,C0053,Nov,118,67,10
U00636,C0053,Dec,245,83,18
U00637,C0054,Jan,185,100,18
U00638,C0054,Feb,95,70,11
U00639,C0054,Mar,178,73,16
U00640,C0054,Apr,131,98,10
U00641,C0054,May,241,99,3
U00642,C0054,Jun,177,87,18
U00643,C0054,Jul,219,96,14
U00644,C0054,Aug,224,97,13
U00645,C0054,Sep,179,82,8
U00646,C0054,Oct,86,85,10
U00647,C0054,Nov,87,82,4
U00648,C0054,Dec,287,95,19
U00649,C0055,Jan,766,55,49
U00650,C0055,Feb,563,24,50
U00651,C0055,Mar,646,35,69
U00652,C0055,Apr,457,32,71
U00653,C0055,May,797,40,88
U00654,C0055,Jun,577,29,50
U00655,C0055,Jul,725,40,72
U00656,C0055,Aug,428,40,71
U00657,C0055,Sep,545,54,47
U00658,C0055,Oct,904,52,54
U00659,C0055,Nov,579,49,37
U00660,C0055,Dec,492,21,49
U00661,C0056,Jan,624,19,68
U00662,C0056,Feb,889,18,56
U00663,C0056,Mar,606,26,56
U00664,C0056,Apr,581,38,38
U00665,C0056,May,422,27,72
U00666,C0056,Jun,545,25,89
U00667,C0056,Jul,938,41,39
U00668,C0056,Aug,782,43,72
U00669,C0056,Sep,503,39,54
U00670,C0056,Oct,730,26,45
U00671,C0056,Nov,847,49,76
U00672,C0056,Dec,724,29,80
U00673,C0057,Jan,223,87,10
U00674,C0057,Feb,250,76,15
U00675,C0057,Mar,158,83,7
U00676,C0057,Apr,125,65,15
U00677,C0057,May,297,67,8
U00678,C0057,Jun,234,85,10
U00679,C0057,Jul,243,71,18
U00680,C0057,Aug,116,86,5
U00681,C0057,Sep,140,87,13
U00682,C0057,Oct,122,70,13
U00683,C0057,Nov,194,65,11
U00684,C0057,Dec,133,80,5
U00685,C0058,Jan,169,81,6
U00686,C0058,Feb,264,65,4
U00687,C0058,Mar,178,93,16
U00688,C0058,Apr,122,91,18
U00689,C0058,May,176,87,20
U00690,C0058,Jun,176,71,18
U00691,C0058,Jul,281,79,8
U00692,C0058,Aug,195,69,4
U00693,C0058,Sep,155,66,13
U00694,C0058,Oct,146,71,5
U00695,C0058,Nov,167,75,15
U00696,C0058,Dec,121,69,20
U00697,C0059,Jan,495,39,73
U00698,C0059,Feb,894,19,62
U00699,C0059,Mar,568,45,45
U00700,C0059,Apr,454,24,56
U00701,C0059,May,610,30,61
U00702,C0059,Jun,671,36,54
U00703,C0059,Jul,643,24,38
U00704,C0059,Aug,802,54,70
U00705,C0059,Sep,902,27,38
U00706,C0059,Oct,769,18,62
U00707,C0059,Nov,489,36,87
U00708,C0059,Dec,891,30,41
U00709,C0060,Jan,426,31,45
U00710,C0060,Feb,698,23,65
U00711,C0060,Mar,518,37,85
U00712,C0060,Apr,807,48,66
U00713,C0060,May,671,23,76
U00714,C0060,Jun,796,29,58
U00715,C0060,Jul,790,41,46
U00716,C0060,Aug,856,20,51
U00717,C0060,Sep,850,47,51
U00718,C0060,Oct,631,35,71
U00719,C0060,Nov,463,27,83
U00720,C0060,Dec,499,23,77
U00721,C0061,Jan,752,52,61
U00722,C0061,Feb,632,53,38
U00723,C0061,Mar,796,51,61
U00724,C0061,Apr,948,48,71
U00725,C0061,May,641,48,54
U00726,C0061,Jun,480,43,89
U00727,C0061,Jul,435,50,71
U00728,C0061,Aug,929,54,78
U00729,C0061,Sep,550,25,83
U00730,C0061,Oct,859,29,45
U00731,C0061,Nov,616,30,43
U00732,C0061,Dec,443,45,40
U00733,C0062,Jan,254,92,9
U00734,C0062,Feb,290,74,11
U00735,C0062,Mar,161,69,5
U00736,C0062,Apr,179,100,15
U00737,C0062,May,221,85,11
U00738,C0062,Jun,213,94,3
U00739,C0062,Jul,281,98,16
U00740,C0062,Aug,108,91,7
U00741,C0062,Sep,117,71,6
U00742,C0062,Oct,224,71,12
U00743,C0062,Nov,217,87,16
U00744,C0062,Dec,147,89,18
U00745,C0063,Jan,226,95,4
U00746,C0063,Feb,124,82,15
U00747,C0063,Mar,116,90,4
U00748,C0063,Apr,181,86,10
U00749,C0063,May,92,95,11
U00750,C0063,Jun,175,66,13
U00751,C0063,Jul,289,84,12
U00752,C0063,Aug,151,96,6
U00753,C0063,Sep,138,73,12
U00754,C0063,Oct,270,93,13
U00755,C0063,Nov,148,91,5
U00756,C0063,Dec,128,93,9
U00757,C0064,Jan,816,49,83
U00758,C0064,Feb,928,41,87
U00759,C0064,Mar,457,50,85
U00760,C0064,Apr,562,22,54
U00761,C0064,May,918,43,43
U00762,C0064,Jun,936,54,36
U00763,C0064,Jul,577,30,88
U00764,C0064,Aug,605,21,50
U00765,C0064,Sep,433,47,38
U00766,C0064,Oct,769,30,52
U00767,C0064,Nov,777,47,67
U00768,C0064,Dec,806,25,78
U00769,C0065,Jan,431,33,58
U00770,C0065,Feb,900,46,46
U00771,C0065,Mar,885,55,70
U00772,C0065,Apr,758,40,45
U00773,C0065,May,664,23,53
U00774,C0065,Jun,428,42,38
U00775,C0065,Jul,566,54,84
U00776,C0065,Aug,619,32,76
U00777,C0065,Sep,630,31,52
U00778,C0065,Oct,819,50,36
U00779,C0065,Nov,409,48,43
U00780,C0065,Dec,577,18,49
U00781,C0066,Jan,658,37,80
U00782,C0066,Feb,681,45,59
U00783,C0066,Mar,757,47,51
U00784,C0066,Apr,623,47,54
U00785,C0066,May,933,43,72
U00786,C0066,Jun,504,18,67
U00787,C0066,Jul,783,53,76
U00788,C0066,Aug,689,37,78
U00789,C0066,Sep,510,48,39
U00790,C0066,Oct,744,35,75
U00791,C0066,Nov,732,35,51
U00792,C0066,Dec,705,30,44
U00793,C0067,Jan,929,33,38
U00794,C0067,Feb,813,38,78
U00795,C0067,Mar,543,19,76
U00796,C0067,Apr,909,36,51
U00797,C0067,May,828,43,59
U00798,C0067,Jun,436,55,80
U00799,C0067,Jul,594,39,81
U00800,C0067,Aug,627,52,75
U00801,C0067,Sep,887,40,67
U00802,C0067,Oct,707,28,88
U00803,C0067,Nov,585,36,41
U00804,C0067,Dec,882,26,82
U00805,C0068,Jan,664,53,83
U00806,C0068,Feb,587,39,76
U00807,C0068,Mar,491,32,57
U00808,C0068,Apr,628,37,61
U00809,C0068,May,739,41,51
U00810,C0068,Jun,701,47,89
U00811,C0068,Jul,520,48,38
U00812,C0068,Aug,472,48,47
U00813,C0068,Sep,912,25,90
U00814,C0068,Oct,790,51,54
U00815,C0068,Nov,823,21,90
U00816,C0068,Dec,554,26,47
U00817,C0069,Jan,750,44,71
U00818,C0069,Feb,868,27,55
U00819,C0069,Mar,584,23,66
U00820,C0069,Apr,740,29,55
U00821,C0069,May,459,18,63
U00822,C0069,Jun,680,31,83
U00823,C0069,Jul,572,54,83
U00824,C0069,Aug,562,49,85
U00825,C0069,Sep,490,26,74
U00826,C0069,Oct,844,45,60
U00827,C0069,Nov,839,48,59
U00828,C0069,Dec,404,20,69
U00829,C0070,Jan,604,41,35
U00830,C0070,Feb,729,51,47
U00831,C0070,Mar,418,18,75
U00832,C0070,Apr,654,32,79
U00833,C0070,May,752,37,43
U00834,C0070,Jun,505,42,67
U00835,C0070,Jul,713,28,39
U00836,C0070,Aug,446,37,53
U00837,C0070,Sep,866,51,73
U00838,C0070,Oct,936,39,62
U00839,C0070,Nov,537,39,66
U00840,C0070,Dec,767,30,45
U00841,C0071,Jan,287,90,3
U00842,C0071,Feb,138,79,7
U00843,C0071,Mar,134,66,19
U00844,C0071,Apr,123,72,14
U00845,C0071,May,262,67,15
U00846,C0071,Jun,243,81,20
U00847,C0071,Jul,239,68,4
U00848,C0071,Aug,249,71,3
U00849,C0071,Sep,92,72,16
U00850,C0071,Oct,193,89,6
U00851,C0071,Nov,220,81,18
U00852,C0071,Dec,259,74,9
U00853,C0072,Jan,409,37,61
U00854,C0072,Feb,503,51,52
U00855,C0072,Mar,540,44,88
U00856,C0072,Apr,507,50,81
U00857,C0072,May,520,36,42
U00858,C0072,Jun,508,49,47
U00859,C0072,Jul,604,34,88
U00860,C0072,Aug,935,30,57
U00861,C0072,Sep,819,36,45
U00862,C0072,Oct,440,53,66
U00863,C0072,Nov,612,48,56
U00864,C0072,Dec,640,18,35
U00865,C0073,Jan,491,25,88
U00866,C0073,Feb,905,27,40
U00867,C0073,Mar,923,22,81
U00868,C0073,Apr,503,34,76
U00869,C0073,May,636,47,53
U00870,C0073,Jun,670,47,38
U00871,C0073,Jul,502,29,90
U00872,C0073,Aug,440,36,58
U00873,C0073,Sep,720,45,82
U00874,C0073,Oct,518,24,89
U00875,C0073,Nov,446,18,89
U00876,C0073,Dec,541,28,56
U00877,C0074,Jan,171,93,11
U00878,C0074,Feb,267,70,14
U00879,C0074,Mar,288,86,8
U00880,C0074,Apr,109,90,15
U00881,C0074,May,196,82,15
U00882,C0074,Jun,256,95,16
U00883,C0074,Jul,246,75,6
U00884,C0074,Aug,113,68,8
U00885,C0074,Sep,106,91,18
U00886,C0074,Oct,285,93,8
U00887,C0074,Nov,236,89,14
U00888,C0074,Dec,236,66,7
U00889,C0075,Jan,894,49,42
U00890,C0075,Feb,821,46,37
U00891,C0075,Mar,464,34,76
U00892,C0075,Apr,721,18,80
U00893,C0075,May,937,54,81
U00894,C0075,Jun,629,39,68
U00895,C0075,Jul,935,24,62
U00896,C0075,Aug,654,48,57
U00897,C0075,Sep,794,27,88
U00898,C0075,Oct,455,18,76
U00899,C0075,Nov,560,50,89
U00900,C0075,Dec,880,49,90
U00901,C0076,Jan,569,22,83
U00902,C0076,Feb,903,38,50
U00903,C0076,Mar,738,35,38
U00904,C0076,Apr,919,32,70
U00905,C0076,May,787,43,87
U00906,C0076,Jun,640,23,64
U00907,C0076,Jul,854,54,63
U00908,C0076,Aug,490,49,63
U00909,C0076,Sep,723,25,66
U00910,C0076,Oct,418,24,60
U00911,C0076,Nov,822,20,70
U00912,C0076,Dec,400,23,85
U00913,C0077,Jan,711,50,70
U00914,C0077,Feb,611,47,56
U00915,C0077,Mar,772,21,87
U00916,C0077,Apr,628,47,56
U00917,C0077,May,884,41,80
U00918,C0077,Jun,863,25,41
U00919,C0077,Jul,627,18,56
U00920,C0077,Aug,763,36,70
U00921,C0077,Sep,934,41,79
U00922,C0077,Oct,508,20,45
U00923,C0077,Nov,904,26,87
U00924,C0077,Dec,819,24,51
U00925,C0078,Jan,236,77,9
U00926,C0078,Feb,110,90,9
U00927,C0078,Mar,197,77,13
U00928,C0078,Apr,107,91,4
U00929,C0078,May,242,72,17
U00930,C0078,Jun,197,97,7
U00931,C0078,Jul,207,65,19
U00932,C0078,Aug,268,68,20
U00933,C0078,Sep,190,95,19
U00934,C0078,Oct,279,76,8
U00935,C0078,Nov,267,73,6
U00936,C0078,Dec,179,85,19
U00937,C0079,Jan,793,44,73
U00938,C0079,Feb,654,35,60
U00939,C0079,Mar,751,36,63
U00940,C0079,Apr,536,26,61
U00941,C0079,May,924,37,88
U00942,C0079,Jun,721,53,75
U00943,C0079,Jul,622,30,48
U00944,C0079,Aug,697,40,78
U00945,C0079,Sep,535,29,67
U00946,C0079,Oct,730,25,83
U00947,C0079,Nov,760,53,65
U00948,C0079,Dec,827,52,53
U00949,C0080,Jan,832,18,68
U00950,C0080,Feb,509,19,59
U00951,C0080,Mar,548,21,77
U00952,C0080,Apr,457,30,52
U00953,C0080,May,564,36,78
U00954,C0080,Jun,656,27,88
U00955,C0080,Jul,463,36,48
U00956,C0080,Aug,433,40,87
U00957,C0080,Sep,863,24,74
U00958,C0080,Oct,629,53,59
U00959,C0080,Nov,643,50,85
U00960,C0080,Dec,694,21,59
U00961,C0081,Jan,796,44,85
U00962,C0081,Feb,720,53,38
U00963,C0081,Mar,413,34,47
U00964,C0081,Apr,853,32,75
U00965,C0081,May,776,55,69
U00966,C0081,Jun,601,30,53
U00967,C0081,Jul,859,29,78
U00968,C0081,Aug,476,29,46
U00969,C0081,Sep,926,25,59
U00970,C0081,Oct,441,45,52
U00971,C0081,Nov,670,26,45
U00972,C0081,Dec,661,18,56
U00973,C0082,Jan,199,74,4
U00974,C0082,Feb,119,85,4
U00975,C0082,Mar,278,84,18
U00976,C0082,Apr,282,100,14
U00977,C0082,May,98,85,19
U00978,C0082,Jun,136,76,19
U00979,C0082,Jul,97,97,8
U00980,C0082,Aug,186,99,20
U00981,C0082,Sep,183,70,14
U00982,C0082,Oct,136,78,13
U00983,C0082,Nov,164,88,12
U00984,C0082,Dec,135,98,18
U00985,C0083,Jan,223,65,6
U00986,C0083,Feb,251,87,17
U00987,C0083,Mar,141,80,4
U00988,C0083,Apr,254,85,15
U00989,C0083,May,283,72,15
U00990,C0083,Jun,145,99,12
U00991,C0083,Jul,86,98,14
U00992,C0083,Aug,211,97,17
U00993,C0083,Sep,204,67,12
U00994,C0083,Oct,246,77,13
U00995,C0083,Nov,211,70,6
U00996,C0083,Dec,122,99,20
U00997,C0084,Jan,407,22,48
U00998,C0084,Feb,618,45,88
U00999,C0084,Mar,506,31,69
U01000,C0084,Apr,845,22,82
U01001,C0084,May,557,19,64
U01002,C0084,Jun,739,20,40
U01003,C0084,Jul,475,21,46
U01004,C0084,Aug,657,53,39
U01005,C0084,Sep,633,34,61
U01006,C0084,Oct,797,46,75
U01007,C0084,Nov,814,45,55
U01008,C0084,Dec,417,42,78
U01009,C0085,Jan,521,52,35
U01010,C0085,Feb,464,55,37
U01011,C0085,Mar,474,40,67
U01012,C0085,Apr,508,36,85
U01013,C0085,May,708,23,53
U01014,C0085,Jun,848,42,60
U01015,C0085,Jul,431,48,45
U01016,C0085,Aug,946,32,43
U01017,C0085,Sep,800,52,53
U01018,C0085,Oct,547,37,78
U01019,C0085,Nov,782,18,70
U01020,C0085,Dec,544,25,37
U01021,C0086,Jan,405,54,73
U01022,C0086,Feb,803,52,70
U01023,C0086,Mar,487,37,48
U01024,C0086,Apr,752,31,61
U01025,C0086,May,924,27,45
U01026,C0086,Jun,588,32,74
U01027,C0086,Jul,658,30,42
U01028,C0086,Aug,585,54,89
U01029,C0086,Sep,455,53,64
U01030,C0086,Oct,474,36,77
U01031,C0086,Nov,468,34,41
U01032,C0086,Dec,602,55,66
U01033,C0087,Jan,738,40,43
U01034,C0087,Feb,640,24,53
U01035,C0087,Mar,471,30,55
U01036,C0087,Apr,897,46,56
U01037,C0087,May,713,55,44
U01038,C0087,Jun,773,38,62
U01039,C0087,Jul,572,18,55
U01040,C0087,Aug,652,32,80
U01041,C0087,Sep,846,35,88
U01042,C0087,Oct,768,26,78
U01043,C0087,Nov,739,48,64
U01044,C0087,Dec,856,40,84
U01045,C0088,Jan,712,49,70
U01046,C0088,Feb,511,29,76
U01047,C0088,Mar,483,35,89
U01048,C0088,Apr,543,52,47
U01049,C0088,May,669,22,81
U01050,C0088,Jun,477,19,89
U01051,C0088,Jul,919,19,87
U01052,C0088,Aug,814,55,48
U01053,C0088,Sep,437,53,51
U01054,C0088,Oct,883,27,58
U01055,C0088,Nov,801,32,84
U01056,C0088,Dec,697,26,64
U01057,C0089,Jan,208,97,5
U01058,C0089,Feb,181,88,19
U01059,C0089,Mar,82,80,8
U01060,C0089,Apr,273,97,7
U01061,C0089,May,194,75,8
U01062,C0089,Jun,224,74,18
U01063,C0089,Jul,171,67,10
U01064,C0089,Aug,274,96,10
U01065,C0089,Sep,96,81,14
U01066,C0089,Oct,139,67,9
U01067,C0089,Nov,212,88,15
U01068,C0089,Dec,200,94,4
U01069,C0090,Jan,440,38,41
U01070,C0090,Feb,933,35,88
U01071,C0090,Mar,669,55,69
U01072,C0090,Apr,578,42,76
U01073,C0090,May,787,41,72
U01074,C0090,Jun,479,51,51
U01075,C0090,Jul,785,32,68
U01076,C0090,Aug,815,40,87
U01077,C0090,Sep,753,49,85
U01078,C0090,Oct,893,18,67
U01079,C0090,Nov,542,46,45
U01080,C0090,Dec,635,22,67
U01081,C0091,Jan,244,82,9
U01082,C0091,Feb,118,76,8
U01083,C0091,Mar,172,72,10
U01084,C0091,Apr,186,86,6
U01085,C0091,May,203,95,18
U01086,C0091,Jun,133,75,16
U01087,C0091,Jul,85,80,4
U01088,C0091,Aug,112,75,7
U01089,C0091,Sep,241,97,4
U01090,C0091,Oct,226,74,4
U01091,C0091,Nov,122,81,8
U01092,C0091,Dec,212,90,3
U01093,C0092,Jan,690,23,48
U01094,C0092,Feb,859,48,90
U01095,C0092,Mar,893,28,49
U01096,C0092,Apr,820,27,85
U01097,C0092,May,586,50,51
U01098,C0092,Jun,571,39,64
U01099,C0092,Jul,470,32,59
U01100,C0092,Aug,794,26,41
U01101,C0092,Sep,416,30,68
U01102,C0092,Oct,916,44,87
U01103,C0092,Nov,553,24,46
U01104,C0092,Dec,887,20,85
U01105,C0093,Jan,944,50,83
U01106,C0093,Feb,520,23,65
U01107,C0093,Mar,533,52,87
U01108,C0093,Apr,401,45,68
U01109,C0093,May,830,41,90
U01110,C0093,Jun,444,51,62
U01111,C0093,Jul,634,48,85
U01112,C0093,Aug,790,40,72
U01113,C0093,Sep,500,45,43
U01114,C0093,Oct,660,48,84
U01115,C0093,Nov,638,23,53
U01116,C0093,Dec,818,34,47
U01117,C0094,Jan,81,65,19
U01118,C0094,Feb,110,98,3
U01119,C0094,Mar,176,78,13
U01120,C0094,Apr,184,88,6
U01121,C0094,May,119,92,11
U01122,C0094,Jun,146,99,16
U01123,C0094,Jul,224,88,11
U01124,C0094,Aug,254,90,9
U01125,C0094,Sep,185,100,20
U01126,C0094,Oct,203,76,14
U01127,C0094,Nov,223,100,18
U01128,C0094,Dec,144,84,14
U01129,C0095,Jan,807,26,89
U01130,C0095,Feb,521,32,63
U01131,C0095,Mar,565,24,48
U01132,C0095,Apr,920,43,85
U01133,C0095,May,746,53,74
U01134,C0095,Jun,453,28,59
U01135,C0095,Jul,405,23,87
U01136,C0095,Aug,548,48,73
U01137,C0095,Sep,845,23,39
U01138,C0095,Oct,669,32,58
U01139,C0095,Nov,481,20,81
U01140,C0095,Dec,793,43,74
U01141,C0096,Jan,247,98,12
U01142,C0096,Feb,262,68,8
U01143,C0096,Mar,243,96,17
U01144,C0096,Apr,82,77,19
U01145,C0096,May,153,77,4
U01146,C0096,Jun,280,97,19
U01147,C0096,Jul,258,79,8
U01148,C0096,Aug,252,67,14
U01149,C0096,Sep,141,65,8
U01150,C0096,Oct,102,82,15
U01151,C0096,Nov,170,90,15
U01152,C0096,Dec,230,77,19
U01153,C0097,Jan,415,22,40
U01154,C0097,Feb,691,53,72
U01155,C0097,Mar,756,40,87
U01156,C0097,Apr,683,32,73
U01157,C0097,May,599,47,60
U01158,C0097,Jun,404,34,46
U01159,C0097,Jul,816,50,41
U01160,C0097,Aug,474,50,53
U01161,C0097,Sep,748,25,86
U01162,C0097,Oct,925,34,69
U01163,C0097,Nov,656,46,59
U01164,C0097,Dec,895,33,83
U01165,C0098,Jan,747,47,78
U01166,C0098,Feb,871,55,90
U01167,C0098,Mar,428,48,42
U01168,C0098,Apr,664,22,59
U01169,C0098,May,625,32,86
U01170,C0098,Jun,723,44,57
U01171,C0098,Jul,928,52,35
U01172,C0098,Aug,669,33,53
U01173,C0098,Sep,495,43,78
U01174,C0098,Oct,750,22,70
U01175,C0098,Nov,582,48,55
U01176,C0098,Dec,762,31,71
U01177,C0099,Jan,675,29,82
U01178,C0099,Feb,594,49,82
U01179,C0099,Mar,604,33,82
U01180,C0099,Apr,647,34,48
U01181,C0099,May,634,30,88
U01182,C0099,Jun,655,40,44
U01183,C0099,Jul,509,25,40
U01184,C0099,Aug,904,18,83
U01185,C0099,Sep,443,48,58
U01186,C0099,Oct,722,49,71
U01187,C0099,Nov,681,49,46
U01188,C0099,Dec,923,35,60
U01189,C0100,Jan,627,54,43
U01190,C0100,Feb,455,51,86
U01191,C0100,Mar,833,48,69
U01192,C0100,Apr,433,50,57
U01193,C0100,May,803,29,64
U01194,C0100,Jun,523,51,64
U01195,C0100,Jul,723,18,35
U01196,C0100,Aug,615,42,72
U01197,C0100,Sep,503,38,58
U01198,C0100,Oct,665,29,70
U01199,C0100,Nov,669,33,52
U01200,C0100,Dec,882,39,58
U01201,C0101,Jan,127,96,16
U01202,C0101,Feb,133,91,14
U01203,C0101,Mar,173,90,11
U01204,C0101,Apr,195,76,7
U01205,C0101,May,227,79,6
U01206,C0101,Jun,264,82,10
U01207,C0101,Jul,222,92,15
U01208,C0101,Aug,130,74,7
U01209,C0101,Sep,201,65,8
U01210,C0101,Oct,187,96,7
U01211,C0101,Nov,297,98,20
U01212,C0101,Dec,264,85,18
U01213,C0102,Jan,707,34,70
U01214,C0102,Feb,448,43,41
U01215,C0102,Mar,567,21,48
U01216,C0102,Apr,660,48,88
U01217,C0102,May,498,46,82
U01218,C0102,Jun,742,34,58
U01219,C0102,Jul,768,53,70
U01220,C0102,Aug,663,40,36
U01221,C0102,Sep,821,25,57
U01222,C0102,Oct,603,54,71
U01223,C0102,Nov,578,36,57
U01224,C0102,Dec,732,50,66
U01225,C0103,Jan,857,23,59
U01226,C0103,Feb,693,47,75
U01227,C0103,Mar,548,28,75
U01228,C0103,Apr,745,44,75
U01229,C0103,May,814,22,40
U01230,C0103,Jun,565,39,49
U01231,C0103,Jul,721,38,76
U01232,C0103,Aug,698,35,73
U01233,C0103,Sep,804,35,63
U01234,C0103,Oct,771,55,68
U01235,C0103,Nov,861,44,45
U01236,C0103,Dec,588,19,43
U01237,C0104,Jan,640,34,82
U01238,C0104,Feb,481,31,45
U01239,C0104,Mar,806,24,41
U01240,C0104,Apr,465,48,70
U01241,C0104,May,455,19,84
U01242,C0104,Jun,806,51,83
U01243,C0104,Jul,485,24,51
U01244,C0104,Aug,559,23,76
U01245,C0104,Sep,799,37,49
U01246,C0104,Oct,653,36,63
U01247,C0104,Nov,529,26,68
U01248,C0104,Dec,574,19,37
U01249,C0105,Jan,765,38,90
U01250,C0105,Feb,887,47,90
U01251,C0105,Mar,678,53,63
U01252,C0105,Apr,538,52,46
U01253,C0105,May,867,54,62
U01254,C0105,Jun,936,52,54
U01255,C0105,Jul,755,48,69
U01256,C0105,Aug,632,23,63
U01257,C0105,Sep,715,41,61
U01258,C0105,Oct,666,27,54
U01259,C0105,Nov,410,18,68
U01260,C0105,Dec,539,40,53
U01261,C0106,Jan,880,52,35
U01262,C0106,Feb,903,48,54
U01263,C0106,Mar,409,45,86
U01264,C0106,Apr,699,32,85
U01265,C0106,May,407,53,58
U01266,C0106,Jun,593,44,70
U01267,C0106,Jul,847,43,50
U01268,C0106,Aug,567,42,88
U01269,C0106,Sep,787,32,51
U01270,C0106,Oct,481,45,75
U01271,C0106,Nov,645,51,83
U01272,C0106,Dec,678,36,76
U01273,C0107,Jan,944,35,61
U01274,C0107,Feb,592,22,46
U01275,C0107,Mar,539,36,42
U01276,C0107,Apr,866,46,52
U01277,C0107,May,903,30,55
U01278,C0107,Jun,419,27,38
U01279,C0107,Jul,947,19,46
U01280,C0107,Aug,504,36,52
U01281,C0107,Sep,528,46,81
U01282,C0107,Oct,408,32,40
U01283,C0107,Nov,554,18,66
U01284,C0107,Dec,622,39,61
U01285,C0108,Jan,719,49,58
U01286,C0108,Feb,874,20,56
U01287,C0108,Mar,482,27,38
U01288,C0108,Apr,672,43,39
U01289,C0108,May,881,29,47
U01290,C0108,Jun,656,42,88
U01291,C0108,Jul,412,25,84
U01292,C0108,Aug,654,42,84
U01293,C0108,Sep,853,33,82
U01294,C0108,Oct,434,30,64
U01295,C0108,Nov,496,51,77
U01296,C0108,Dec,613,48,59
U01297,C0109,Jan,719,38,45
U01298,C0109,Feb,443,53,68
U01299,C0109,Mar,525,34,65
U01300,C0109,Apr,705,30,58
U01301,C0109,May,453,31,42
U01302,C0109,Jun,641,45,55
U01303,C0109,Jul,415,28,85
U01304,C0109,Aug,682,55,42
U01305,C0109,Sep,805,33,35
U01306,C0109,Oct,443,55,85
U01307,C0109,Nov,886,27,58
U01308,C0109,Dec,491,33,45
U01309,C0110,Jan,911,23,78
U01310,C0110,Feb,746,21,38
U01311,C0110,Mar,764,27,79
U01312,C0110,Apr,949,24,43
U01313,C0110,May,899,32,55
U01314,C0110,Jun,755,46,81
U01315,C0110,Jul,597,19,79
U01316,C0110,Aug,786,40,81
U01317,C0110,Sep,537,34,37
U01318,C0110,Oct,896,46,70
U01319,C0110,Nov,701,52,79
U01320,C0110,Dec,901,30,71
U01321,C0111,Jan,127,99,14
U01322,C0111,Feb,162,94,11
U01323,C0111,Mar,292,100,8
U01324,C0111,Apr,97,98,7
U01325,C0111,May,195,83,11
U01326,C0111,Jun,218,88,17
U01327,C0111,Jul,80,97,15
U01328,C0111,Aug,267,76,3
U01329,C0111,Sep,238,88,10
U01330,C0111,Oct,162,69,20
U01331,C0111,Nov,289,89,9
U01332,C0111,Dec,214,96,20
U01333,C0112,Jan,557,36,55
U01334,C0112,Feb,819,38,42
U01335,C0112,Mar,498,51,77
U01336,C0112,Apr,468,20,88
U01337,C0112,May,532,29,90
U01338,C0112,Jun,432,30,41
U01339,C0112,Jul,897,30,41
U01340,C0112,Aug,432,54,76
U01341,C0112,Sep,797,49,68
U01342,C0112,Oct,662,21,58
U01343,C0112,Nov,626,22,35
U01344,C0112,Dec,613,49,88
U01345,C0113,Jan,481,47,86
U01346,C0113,Feb,462,41,70
U01347,C0113,Mar,825,41,85
U01348,C0113,Apr,459,35,68
U01349,C0113,May,441,22,88
U01350,C0113,Jun,711,22,48
U01351,C0113,Jul,931,24,41
U01352,C0113,Aug,636,52,59
U01353,C0113,Sep,594,30,68
U01354,C0113,Oct,654,54,75
U01355,C0113,Nov,583,53,82
U01356,C0113,Dec,825,24,84
U01357,C0114,Jan,766,47,79
U01358,C0114,Feb,837,24,45
U01359,C0114,Mar,584,53,60
U01360,C0114,Apr,916,39,77
U01361,C0114,May,561,52,73
U01362,C0114,Jun,853,40,55
U01363,C0114,Jul,732,41,61
U01364,C0114,Aug,840,38,73
U01365,C0114,Sep,646,54,69
U01366,C0114,Oct,619,42,84
U01367,C0114,Nov,660,41,63
U01368,C0114,Dec,858,43,35
U01369,C0115,Jan,435,36,73
U01370,C0115,Feb,416,51,43
U01371,C0115,Mar,709,18,54
U01372,C0115,Apr,627,31,89
U01373,C0115,May,722,19,84
U01374,C0115,Jun,682,53,67
U01375,C0115,Jul,558,24,37
U01376,C0115,Aug,871,40,44
U01377,C0115,Sep,541,34,58
U01378,C0115,Oct,655,32,51
U01379,C0115,Nov,707,23,71
U01380,C0115,Dec,809,54,48
U01381,C0116,Jan,267,69,13
U01382,C0116,Feb,282,95,8
U01383,C0116,Mar,204,71,12
U01384,C0116,Apr,89,89,5
U01385,C0116,May,279,68,13
U01386,C0116,Jun,169,92,16
U01387,C0116,Jul,110,79,3
U01388,C0116,Aug,242,89,4
U01389,C0116,Sep,158,98,4
U01390,C0116,Oct,161,99,7
U01391,C0116,Nov,163,97,10
U01392,C0116,Dec,119,68,15
U01393,C0117,Jan,856,54,67
U01394,C0117,Feb,492,32,62
U01395,C0117,Mar,696,43,44
U01396,C0117,Apr,535,39,40
U01397,C0117,May,887,54,82
U01398,C0117,Jun,450,53,60
U01399,C0117,Jul,668,23,60
U01400,C0117,Aug,913,45,84
U01401,C0117,Sep,533,26,65
U01402,C0117,Oct,602,49,60
U01403,C0117,Nov,600,53,74
U01404,C0117,Dec,936,33,50
U01405,C0118,Jan,473,35,84
U01406,C0118,Feb,840,38,78
U01407,C0118,Mar,491,25,77
U01408,C0118,Apr,823,45,58
U01409,C0118,May,756,30,55
U01410,C0118,Jun,752,19,84
U01411,C0118,Jul,712,28,57
U01412,C0118,Aug,852,27,63
U01413,C0118,Sep,445,32,47
U01414,C0118,Oct,782,27,83
U01415,C0118,Nov,487,25,82
U01416,C0118,Dec,455,33,74
U01417,C0119,Jan,117,83,3
U01418,C0119,Feb,167,72,12
U01419,C0119,Mar,195,95,3
U01420,C0119,Apr,164,78,20
U01421,C0119,May,134,78,20
U01422,C0119,Jun,213,81,20
U01423,C0119,Jul,203,74,3
U01424,C0119,Aug,176,98,4
U01425,C0119,Sep,145,75,4
U01426,C0119,Oct,152,77,11
U01427,C0119,Nov,93,94,3
U01428,C0119,Dec,97,89,11
U01429,C0120,Jan,768,24,36
U01430,C0120,Feb,699,42,49
U01431,C0120,Mar,789,50,80
U01432,C0120,Apr,501,38,66
U01433,C0120,May,944,23,46
U01434,C0120,Jun,603,50,64
U01435,C0120,Jul,422,20,50
U01436,C0120,Aug,942,37,56
U01437,C0120,Sep,901,43,82
U01438,C0120,Oct,560,19,57
U01439,C0120,Nov,760,40,75
U01440,C0120,Dec,709,33,67
U01441,C0121,Jan,682,21,75
U01442,C0121,Feb,663,42,87
U01443,C0121,Mar,430,53,52
U01444,C0121,Apr,630,27,56
U01445,C0121,May,802,26,40
U01446,C0121,Jun,791,51,78
U01447,C0121,Jul,632,44,50
U01448,C0121,Aug,556,45,54
U01449,C0121,Sep,737,46,69
U01450,C0121,Oct,534,31,76
U01451,C0121,Nov,541,55,69
U01452,C0121,Dec,607,26,54
U01453,C0122,Jan,936,26,62
U01454,C0122,Feb,548,54,45
U01455,C0122,Mar,725,22,70
U01456,C0122,Apr,945,25,46
U01457,C0122,May,725,27,81
U01458,C0122,Jun,430,38,61
U01459,C0122,Jul,821,37,63
U01460,C0122,Aug,680,27,84
U01461,C0122,Sep,592,24,43
U01462,C0122,Oct,589,19,83
U01463,C0122,Nov,673,54,74
U01464,C0122,Dec,636,32,49
U01465,C0123,Jan,426,40,40
U01466,C0123,Feb,888,26,67
U01467,C0123,Mar,880,41,46
U01468,C0123,Apr,796,49,65
U01469,C0123,May,540,28,47
U01470,C0123,Jun,631,20,61
U01471,C0123,Jul,415,35,61
U01472,C0123,Aug,627,30,83
U01473,C0123,Sep,609,22,46
U01474,C0123,Oct,849,49,79
U01475,C0123,Nov,732,47,50
U01476,C0123,Dec,837,43,84
U01477,C0124,Jan,442,42,81
U01478,C0124,Feb,720,43,74
U01479,C0124,Mar,949,51,76
U01480,C0124,Apr,439,51,41
U01481,C0124,May,862,47,87
U01482,C0124,Jun,443,33,68
U01483,C0124,Jul,950,43,82
U01484,C0124,Aug,440,53,59
U01485,C0124,Sep,928,21,47
U01486,C0124,Oct,698,46,60
U01487,C0124,Nov,711,36,64
U01488,C0124,Dec,570,45,53
U01489,C0125,Jan,455,51,44
U01490,C0125,Feb,874,46,40
U01491,C0125,Mar,912,25,46
U01492,C0125,Apr,538,43,61
U01493,C0125,May,731,46,36
U01494,C0125,Jun,583,47,72
U01495,C0125,Jul,606,47,40
U01496,C0125,Aug,656,38,79
U01497,C0125,Sep,567,25,40
U01498,C0125,Oct,516,46,75
U01499,C0125,Nov,771,23,68
U01500,C0125,Dec,793,50,74
U01501,C0126,Jan,563,42,70
U01502,C0126,Feb,789,20,84
U01503,C0126,Mar,574,39,71
U01504,C0126,Apr,553,28,90
U01505,C0126,May,548,29,84
U01506,C0126,Jun,452,44,54
U01507,C0126,Jul,716,46,53
U01508,C0126,Aug,585,25,43
U01509,C0126,Sep,607,18,74
U01510,C0126,Oct,659,18,64
U01511,C0126,Nov,909,49,69
U01512,C0126,Dec,405,49,50
U01513,C0127,Jan,622,55,77
U01514,C0127,Feb,887,47,61
U01515,C0127,Mar,852,23,73
U01516,C0127,Apr,406,33,70
U01517,C0127,May,684,53,87
U01518,C0127,Jun,612,21,46
U01519,C0127,Jul,551,21,76
U01520,C0127,Aug,757,20,44
U01521,C0127,Sep,433,54,88
U01522,C0127,Oct,705,39,40
U01523,C0127,Nov,450,24,61
U01524,C0127,Dec,582,28,78
U01525,C0128,Jan,691,54,85
U01526,C0128,Feb,581,47,82
U01527,C0128,Mar,768,20,40
U01528,C0128,Apr,706,38,58
U01529,C0128,May,788,22,83
U01530,C0128,Jun,837,53,39
U01531,C0128,Jul,699,48,43
U01532,C0128,Aug,524,35,56
U01533,C0128,Sep,939,44,68
U01534,C0128,Oct,614,31,74
U01535,C0128,Nov,459,24,71
U01536,C0128,Dec,941,23,65
U01537,C0129,Jan,694,45,73
U01538,C0129,Feb,724,34,68
U01539,C0129,Mar,762,26,74
U01540,C0129,Apr,908,51,81
U01541,C0129,May,909,49,86
U01542,C0129,Jun,584,32,80
U01543,C0129,Jul,697,30,35
U01544,C0129,Aug,521,19,64
U01545,C0129,Sep,520,31,86
U01546,C0129,Oct,824,44,37
U01547,C0129,Nov,741,40,70
U01548,C0129,Dec,617,18,75
U01549,C0130,Jan,131,83,11
U01550,C0130,Feb,282,69,12
U01551,C0130,Mar,156,97,20
U01552,C0130,Apr,162,65,6
U01553,C0130,May,255,86,13
U01554,C0130,Jun,181,66,8
U01555,C0130,Jul,129,86,13
U01556,C0130,Aug,252,95,18
U01557,C0130,Sep,284,67,7
U01558,C0130,Oct,203,74,17
U01559,C0130,Nov,217,86,17
U01560,C0130,Dec,280,91,4
U01561,C0131,Jan,293,98,12
U01562,C0131,Feb,224,85,20
U01563,C0131,Mar,217,66,9
U01564,C0131,Apr,227,86,14
U01565,C0131,May,96,74,11
U01566,C0131,Jun,295,66,13
U01567,C0131,Jul,176,99,8
U01568,C0131,Aug,226,89,8
U01569,C0131,Sep,232,72,12
U01570,C0131,Oct,260,85,4
U01571,C0131,Nov,149,91,5
U01572,C0131,Dec,207,80,14
U01573,C0132,Jan,195,84,9
U01574,C0132,Feb,214,84,8
U01575,C0132,Mar,108,88,4
U01576,C0132,Apr,279,77,5
U01577,C0132,May,193,97,3
U01578,C0132,Jun,284,95,19
U01579,C0132,Jul,119,77,13
U01580,C0132,Aug,203,98,12
U01581,C0132,Sep,278,85,7
U01582,C0132,Oct,276,71,19
U01583,C0132,Nov,253,73,9
U01584,C0132,Dec,265,67,17
U01585,C0133,Jan,179,98,6
U01586,C0133,Feb,81,84,4
U01587,C0133,Mar,255,70,13
U01588,C0133,Apr,199,67,6
U01589,C0133,May,213,84,3
U01590,C0133,Jun,227,84,9
U01591,C0133,Jul,162,77,9
U01592,C0133,Aug,153,82,20
U01593,C0133,Sep,161,93,6
U01594,C0133,Oct,149,74,8
U01595,C0133,Nov,150,72,3
U01596,C0133,Dec,239,100,19
U01597,C0134,Jan,504,31,69
U01598,C0134,Feb,758,53,55
U01599,C0134,Mar,677,27,80
U01600,C0134,Apr,690,54,50
U01601,C0134,May,575,22,54
U01602,C0134,Jun,746,52,63
U01603,C0134,Jul,451,26,36
U01604,C0134,Aug,882,21,41
U01605,C0134,Sep,792,21,40
U01606,C0134,Oct,836,43,46
U01607,C0134,Nov,856,40,54
U01608,C0134,Dec,740,30,80
U01609,C0135,Jan,946,23,83
U01610,C0135,Feb,876,54,43
U01611,C0135,Mar,495,47,41
U01612,C0135,Apr,866,37,78
U01613,C0135,May,876,48,49
U01614,C0135,Jun,629,27,90
U01615,C0135,Jul,664,41,60
U01616,C0135,Aug,587,39,85
U01617,C0135,Sep,732,47,66
U01618,C0135,Oct,430,22,65
U01619,C0135,Nov,515,40,65
U01620,C0135,Dec,872,28,53
U01621,C0136,Jan,276,87,7
U01622,C0136,Feb,210,71,15
U01623,C0136,Mar,289,71,13
U01624,C0136,Apr,222,69,12
U01625,C0136,May,216,94,15
U01626,C0136,Jun,231,91,10
U01627,C0136,Jul,238,80,20
U01628,C0136,Aug,120,95,15
U01629,C0136,Sep,96,86,9
U01630,C0136,Oct,288,92,16
U01631,C0136,Nov,225,86,20
U01632,C0136,Dec,257,80,8
U01633,C0137,Jan,479,54,88
U01634,C0137,Feb,898,25,72
U01635,C0137,Mar,874,38,70
U01636,C0137,Apr,499,46,46
U01637,C0137,May,715,43,39
U01638,C0137,Jun,511,42,55
U01639,C0137,Jul,906,21,40
U01640,C0137,Aug,622,26,72
U01641,C0137,Sep,400,27,77
U01642,C0137,Oct,552,46,69
U01643,C0137,Nov,698,42,74
U01644,C0137,Dec,857,30,48
U01645,C0138,Jan,724,37,71
U01646,C0138,Feb,711,45,80
U01647,C0138,Mar,752,23,72
U01648,C0138,Apr,408,50,60
U01649,C0138,May,530,36,38
U01650,C0138,Jun,778,53,38
U01651,C0138,Jul,400,53,87
U01652,C0138,Aug,767,25,90
U01653,C0138,Sep,688,19,50
U01654,C0138,Oct,842,55,60
U01655,C0138,Nov,725,42,60
U01656,C0138,Dec,790,45,69
U01657,C0139,Jan,616,29,65
U01658,C0139,Feb,542,30,70
U01659,C0139,Mar,793,41,88
U01660,C0139,Apr,827,27,53
U01661,C0139,May,528,26,35
U01662,C0139,Jun,473,19,44
U01663,C0139,Jul,898,45,43
U01664,C0139,Aug,486,26,76
U01665,C0139,Sep,825,47,85
U01666,C0139,Oct,835,29,64
U01667,C0139,Nov,921,45,70
U01668,C0139,Dec,860,42,57
U01669,C0140,Jan,137,76,16
U01670,C0140,Feb,234,65,18
U01671,C0140,Mar,296,80,19
U01672,C0140,Apr,148,91,20
U01673,C0140,May,227,88,4
U01674,C0140,Jun,89,95,14
U01675,C0140,Jul,108,95,5
U01676,C0140,Aug,116,98,11
U01677,C0140,Sep,199,98,5
U01678,C0140,Oct,213,70,10
U01679,C0140,Nov,200,69,20
U01680,C0140,Dec,284,84,4
U01681,C0141,Jan,167,99,3
U01682,C0141,Feb,200,94,19
U01683,C0141,Mar,200,86,16
U01684,C0141,Apr,170,83,12
U01685,C0141,May,122,67,12
U01686,C0141,Jun,266,81,4
U01687,C0141,Jul,241,95,8
U01688,C0141,Aug,226,68,12
U01689,C0141,Sep,287,66,12
U01690,C0141,Oct,204,70,7
U01691,C0141,Nov,209,69,11
U01692,C0141,Dec,144,73,11
U01693,C0142,Jan,150,81,3
U01694,C0142,Feb,269,72,8
U01695,C0142,Mar,231,74,17
U01696,C0142,Apr,174,76,11
U01697,C0142,May,280,80,18
U01698,C0142,Jun,126,98,4
U01699,C0142,Jul,167,70,7
U01700,C0142,Aug,232,74,18
U01701,C0142,Sep,272,91,15
U01702,C0142,Oct,140,93,8
U01703,C0142,Nov,133,87,4
U01704,C0142,Dec,244,81,6
U01705,C0143,Jan,93,75,17
U01706,C0143,Feb,182,95,12
U01707,C0143,Mar,201,99,10
U01708,C0143,Apr,177,89,18
U01709,C0143,May,147,74,19
U01710,C0143,Jun,191,65,12
U01711,C0143,Jul,284,93,15
U01712,C0143,Aug,253,85,19
U01713,C0143,Sep,254,67,6
U01714,C0143,Oct,216,87,16
U01715,C0143,Nov,236,82,13
U01716,C0143,Dec,149,82,6
U01717,C0144,Jan,145,90,17
U01718,C0144,Feb,277,80,9
U01719,C0144,Mar,213,86,8
U01720,C0144,Apr,160,100,3
U01721,C0144,May,252,65,5
U01722,C0144,Jun,83,91,6
U01723,C0144,Jul,214,71,17
U01724,C0144,Aug,169,79,12
U01725,C0144,Sep,144,77,4
U01726,C0144,Oct,86,70,4
U01727,C0144,Nov,232,78,6
U01728,C0144,Dec,261,72,5
U01729,C0145,Jan,533,42,77
U01730,C0145,Feb,589,25,79
U01731,C0145,Mar,588,34,53
U01732,C0145,Apr,878,22,75
U01733,C0145,May,864,35,84
U01734,C0145,Jun,837,38,51
U01735,C0145,Jul,565,22,52
U01736,C0145,Aug,463,42,59
U01737,C0145,Sep,740,21,51
U01738,C0145,Oct,671,29,63
U01739,C0145,Nov,471,49,47
U01740,C0145,Dec,802,29,76
U01741,C0146,Jan,903,24,44
U01742,C0146,Feb,841,31,74
U01743,C0146,Mar,508,46,80
U01744,C0146,Apr,665,24,37
U01745,C0146,May,474,22,71
U01746,C0146,Jun,656,46,36
U01747,C0146,Jul,909,27,76
U01748,C0146,Aug,400,20,77
U01749,C0146,Sep,799,35,44
U01750,C0146,Oct,737,43,71
U01751,C0146,Nov,403,50,80
U01752,C0146,Dec,902,48,62
U01753,C0147,Jan,813,22,69
U01754,C0147,Feb,631,18,59
U01755,C0147,Mar,893,25,71
U01756,C0147,Apr,948,40,56
U01757,C0147,May,710,43,38
U01758,C0147,Jun,492,41,69
U01759,C0147,Jul,748,23,88
U01760,C0147,Aug,870,36,76
U01761,C0147,Sep,607,29,70
U01762,C0147,Oct,440,42,77
U01763,C0147,Nov,595,37,79
U01764,C0147,Dec,799,24,75
U01765,C0148,Jan,256,87,18
U01766,C0148,Feb,101,93,9
U01767,C0148,Mar,115,67,9
U01768,C0148,Apr,86,80,18
U01769,C0148,May,179,69,20
U01770,C0148,Jun,244,84,18
U01771,C0148,Jul,216,93,3
U01772,C0148,Aug,89,86,4
U01773,C0148,Sep,166,67,15
U01774,C0148,Oct,110,78,19
U01775,C0148,Nov,197,99,7
U01776,C0148,Dec,269,79,5
U01777,C0149,Jan,89,74,18
U01778,C0149,Feb,247,66,18
U01779,C0149,Mar,238,67,10
U01780,C0149,Apr,259,73,3
U01781,C0149,May,124,68,12
U01782,C0149,Jun,290,71,17
U01783,C0149,Jul,236,75,5
U01784,C0149,Aug,289,71,6
U01785,C0149,Sep,207,79,5
U01786,C0149,Oct,285,77,16
U01787,C0149,Nov,166,90,13
U01788,C0149,Dec,110,99,7
U01789,C0150,Jan,162,78,4
U01790,C0150,Feb,231,76,13
U01791,C0150,Mar,96,72,11
U01792,C0150,Apr,116,91,8
U01793,C0150,May,258,88,20
U01794,C0150,Jun,122,93,10
U01795,C0150,Jul,228,67,7
U01796,C0150,Aug,105,89,8
U01797,C0150,Sep,84,96,5
U01798,C0150,Oct,81,65,8
U01799,C0150,Nov,102,83,16
U01800,C0150,Dec,257,95,7
U01801,C0151,Jan,611,27,75
U01802,C0151,Feb,677,51,63
U01803,C0151,Mar,821,33,46
U01804,C0151,Apr,438,29,80
U01805,C0151,May,911,23,75
U01806,C0151,Jun,708,40,61
U01807,C0151,Jul,404,53,50
U01808,C0151,Aug,596,25,68
U01809,C0151,Sep,497,41,90
U01810,C0151,Oct,919,32,64
U01811,C0151,Nov,613,35,38
U01812,C0151,Dec,598,25,85
U01813,C0152,Jan,552,48,66
U01814,C0152,Feb,580,28,77
U01815,C0152,Mar,444,21,76
U01816,C0152,Apr,772,36,48
U01817,C0152,May,845,34,56
U01818,C0152,Jun,864,20,41
U01819,C0152,Jul,453,52,46
U01820,C0152,Aug,561,19,66
U01821,C0152,Sep,927,25,39
U01822,C0152,Oct,640,46,72
U01823,C0152,Nov,733,44,47
U01824,C0152,Dec,733,32,84
U01825,C0153,Jan,512,38,49
U01826,C0153,Feb,500,33,82
U01827,C0153,Mar,822,30,59
U01828,C0153,Apr,625,22,65
U01829,C0153,May,896,21,62
U01830,C0153,Jun,548,31,74
U01831,C0153,Jul,865,29,59
U01832,C0153,Aug,782,26,64
U01833,C0153,Sep,598,40,52
U01834,C0153,Oct,607,39,43
U01835,C0153,Nov,432,54,38
U01836,C0153,Dec,687,26,42
U01837,C0154,Jan,298,94,17
U01838,C0154,Feb,187,75,13
U01839,C0154,Mar,136,83,8
U01840,C0154,Apr,282,75,20
U01841,C0154,May,298,79,5
U01842,C0154,Jun,185,98,18
U01843,C0154,Jul,300,78,18
U01844,C0154,Aug,294,94,11
U01845,C0154,Sep,83,92,10
U01846,C0154,Oct,143,85,16
U01847,C0154,Nov,228,79,7
U01848,C0154,Dec,226,65,16
U01849,C0155,Jan,91,67,18
U01850,C0155,Feb,267,97,4
U01851,C0155,Mar,188,98,15
U01852,C0155,Apr,202,71,17
U01853,C0155,May,206,80,5
U01854,C0155,Jun,222,65,16
U01855,C0155,Jul,135,73,14
U01856,C0155,Aug,155,80,5
U01857,C0155,Sep,84,95,12
U01858,C0155,Oct,121,94,3
U01859,C0155,Nov,196,94,7
U01860,C0155,Dec,260,90,8
U01861,C0156,Jan,779,47,80
U01862,C0156,Feb,401,22,59
U01863,C0156,Mar,740,51,37
U01864,C0156,Apr,703,45,83
U01865,C0156,May,676,52,71
U01866,C0156,Jun,612,23,74
U01867,C0156,Jul,743,21,67
U01868,C0156,Aug,772,21,42
U01869,C0156,Sep,792,41,64
U01870,C0156,Oct,441,41,58
U01871,C0156,Nov,579,53,80
U01872,C0156,Dec,468,53,80
U01873,C0157,Jan,609,26,56
U01874,C0157,Feb,644,52,42
U01875,C0157,Mar,889,55,90
U01876,C0157,Apr,614,32,55
U01877,C0157,May,761,35,67
U01878,C0157,Jun,833,35,38
U01879,C0157,Jul,464,41,57
U01880,C0157,Aug,863,49,67
U01881,C0157,Sep,939,25,65
U01882,C0157,Oct,944,52,53
U01883,C0157,Nov,862,41,86
U01884,C0157,Dec,467,30,64
U01885,C0158,Jan,489,23,60
U01886,C0158,Feb,583,36,39
U01887,C0158,Mar,511,28,52
U01888,C0158,Apr,514,27,66
U01889,C0158,May,554,31,68
U01890,C0158,Jun,423,36,61
U01891,C0158,Jul,535,48,57
U01892,C0158,Aug,830,46,82
U01893,C0158,Sep,421,36,47
U01894,C0158,Oct,464,19,90
U01895,C0158,Nov,637,51,76
U01896,C0158,Dec,743,44,72
U01897,C0159,Jan,751,38,66
U01898,C0159,Feb,942,53,63
U01899,C0159,Mar,868,37,71
U01900,C0159,Apr,535,37,45
U01901,C0159,May,666,32,65
U01902,C0159,Jun,780,36,84
U01903,C0159,Jul,448,27,57
U01904,C0159,Aug,691,47,45
U01905,C0159,Sep,564,52,53
U01906,C0159,Oct,586,29,88
U01907,C0159,Nov,557,28,50
U01908,C0159,Dec,519,20,55
U01909,C0160,Jan,529,46,51
U01910,C0160,Feb,778,29,48
U01911,C0160,Mar,435,38,57
U01912,C0160,Apr,551,41,63
U01913,C0160,May,566,52,54
U01914,C0160,Jun,524,19,60
U01915,C0160,Jul,911,27,64
U01916,C0160,Aug,727,27,35
U01917,C0160,Sep,919,39,76
U01918,C0160,Oct,702,48,53
U01919,C0160,Nov,550,54,81
U01920,C0160,Dec,852,39,79
U01921,C0161,Jan,108,95,4
U01922,C0161,Feb,115,100,6
U01923,C0161,Mar,158,66,15
U01924,C0161,Apr,238,79,17
U01925,C0161,May,171,70,13
U01926,C0161,Jun,94,77,19
U01927,C0161,Jul,136,82,9
U01928,C0161,Aug,85,70,20
U01929,C0161,Sep,297,93,5
U01930,C0161,Oct,211,90,9
U01931,C0161,Nov,205,85,19
U01932,C0161,Dec,94,88,15
U01933,C0162,Jan,551,45,58
U01934,C0162,Feb,795,41,35
U01935,C0162,Mar,691,40,57
U01936,C0162,Apr,715,46,90
U01937,C0162,May,489,31,81
U01938,C0162,Jun,854,44,86
U01939,C0162,Jul,853,36,45
U01940,C0162,Aug,834,44,43
U01941,C0162,Sep,488,27,48
U01942,C0162,Oct,710,48,90
U01943,C0162,Nov,937,39,39
U01944,C0162,Dec,784,23,35
U01945,C0163,Jan,819,35,61
U01946,C0163,Feb,579,53,64
U01947,C0163,Mar,540,30,46
U01948,C0163,Apr,790,36,70
U01949,C0163,May,902,20,87
U01950,C0163,Jun,709,55,54
U01951,C0163,Jul,905,53,82
U01952,C0163,Aug,874,32,36
U01953,C0163,Sep,402,27,51
U01954,C0163,Oct,707,48,42
U01955,C0163,Nov,694,44,46
U01956,C0163,Dec,903,33,36
U01957,C0164,Jan,522,35,66
U01958,C0164,Feb,468,41,72
U01959,C0164,Mar,892,54,62
U01960,C0164,Apr,664,48,79
U01961,C0164,May,522,41,67
U01962,C0164,Jun,417,34,45
U01963,C0164,Jul,459,27,55
U01964,C0164,Aug,872,26,57
U01965,C0164,Sep,567,21,52
U01966,C0164,Oct,769,44,75
U01967,C0164,Nov,764,21,53
U01968,C0164,Dec,698,51,75
U01969,C0165,Jan,99,97,9
U01970,C0165,Feb,276,76,6
U01971,C0165,Mar,233,75,20
U01972,C0165,Apr,162,85,12
U01973,C0165,May,149,88,6
U01974,C0165,Jun,216,87,7
U01975,C0165,Jul,83,73,19
U01976,C0165,Aug,152,88,18
U01977,C0165,Sep,185,86,8
U01978,C0165,Oct,106,78,7
U01979,C0165,Nov,208,79,9
U01980,C0165,Dec,283,100,19
U01981,C0166,Jan,944,53,79
U01982,C0166,Feb,516,44,64
U01983,C0166,Mar,478,25,87
U01984,C0166,Apr,534,19,65
U01985,C0166,May,756,37,79
U01986,C0166,Jun,771,26,87
U01987,C0166,Jul,852,51,83
U01988,C0166,Aug,750,29,80
U01989,C0166,Sep,711,19,82
U01990,C0166,Oct,521,32,43
U01991,C0166,Nov,545,32,54
U01992,C0166,Dec,528,31,43
U01993,C0167,Jan,480,45,79
U01994,C0167,Feb,514,22,36
U01995,C0167,Mar,895,45,37
U01996,C0167,Apr,601,24,37
U01997,C0167,May,925,55,38
U01998,C0167,Jun,880,25,51
U01999,C0167,Jul,444,22,54
U02000,C0167,Aug,410,24,85
U02001,C0167,Sep,526,31,72
U02002,C0167,Oct,604,29,77
U02003,C0167,Nov,759,19,40
U02004,C0167,Dec,549,35,72
U02005,C0168,Jan,756,40,45
U02006,C0168,Feb,912,33,67
U02007,C0168,Mar,469,24,87
U02008,C0168,Apr,414,51,48
U02009,C0168,May,596,36,45
U02010,C0168,Jun,950,18,81
U02011,C0168,Jul,501,31,67
U02012,C0168,Aug,886,41,79
U02013,C0168,Sep,589,46,78
U02014,C0168,Oct,509,29,88
U02015,C0168,Nov,763,42,62
U02016,C0168,Dec,619,50,49
U02017,C0169,Jan,817,25,83
U02018,C0169,Feb,721,25,64
U02019,C0169,Mar,512,51,43
U02020,C0169,Apr,907,41,80
U02021,C0169,May,695,53,81
U02022,C0169,Jun,441,23,55
U02023,C0169,Jul,905,25,59
U02024,C0169,Aug,690,47,73
U02025,C0169,Sep,719,46,49
U02026,C0169,Oct,817,36,89
U02027,C0169,Nov,838,30,89
U02028,C0169,Dec,471,48,78
U02029,C0170,Jan,174,76,3
U02030,C0170,Feb,252,96,6
U02031,C0170,Mar,181,93,19
U02032,C0170,Apr,248,70,6
U02033,C0170,May,116,90,15
U02034,C0170,Jun,257,71,8
U02035,C0170,Jul,96,88,9
U02036,C0170,Aug,166,77,15
U02037,C0170,Sep,111,79,16
U02038,C0170,Oct,265,96,11
U02039,C0170,Nov,275,82,15
U02040,C0170,Dec,171,95,15
U02041,C0171,Jan,896,50,52
U02042,C0171,Feb,550,47,41
U02043,C0171,Mar,525,34,66
U02044,C0171,Apr,909,32,75
U02045,C0171,May,537,19,41
U02046,C0171,Jun,454,22,66
U02047,C0171,Jul,427,29,59
U02048,C0171,Aug,734,27,54
U02049,C0171,Sep,498,22,77
U02050,C0171,Oct,932,49,85
U02051,C0171,Nov,877,30,53
U02052,C0171,Dec,909,49,67
U02053,C0172,Jan,667,52,56
U02054,C0172,Feb,418,20,62
U02055,C0172,Mar,521,42,63
U02056,C0172,Apr,722,42,63
U02057,C0172,May,870,20,37
U02058,C0172,Jun,581,53,77
U02059,C0172,Jul,710,28,66
U02060,C0172,Aug,841,26,54
U02061,C0172,Sep,798,49,83
U02062,C0172,Oct,512,54,78
U02063,C0172,Nov,902,53,78
U02064,C0172,Dec,881,48,70
U02065,C0173,Jan,560,50,38
U02066,C0173,Feb,800,34,66
U02067,C0173,Mar,786,40,84
U02068,C0173,Apr,691,38,38
U02069,C0173,May,428,55,37
U02070,C0173,Jun,531,41,57
U02071,C0173,Jul,427,39,59
U02072,C0173,Aug,499,45,57
U02073,C0173,Sep,765,44,57
U02074,C0173,Oct,457,33,50
U02075,C0173,Nov,640,37,72
U02076,C0173,Dec,486,22,90
U02077,C0174,Jan,712,25,56
U02078,C0174,Feb,573,19,69
U02079,C0174,Mar,733,20,64
U02080,C0174,Apr,832,54,67
U02081,C0174,May,831,35,36
U02082,C0174,Jun,880,55,36
U02083,C0174,Jul,724,42,71
U02084,C0174,Aug,799,38,71
U02085,C0174,Sep,500,49,41
U02086,C0174,Oct,610,39,66
U02087,C0174,Nov,914,39,45
U02088,C0174,Dec,706,41,62
U02089,C0175,Jan,606,49,75
U02090,C0175,Feb,477,52,48
U02091,C0175,Mar,694,34,38
U02092,C0175,Apr,704,54,60
U02093,C0175,May,631,23,80
U02094,C0175,Jun,497,55,56
U02095,C0175,Jul,679,22,71
U02096,C0175,Aug,943,48,62
U02097,C0175,Sep,614,40,85
U02098,C0175,Oct,478,37,67
U02099,C0175,Nov,707,45,77
U02100,C0175,Dec,720,30,61
U02101,C0176,Jan,182,81,19
U02102,C0176,Feb,196,100,8
U02103,C0176,Mar,84,98,8
U02104,C0176,Apr,227,96,9
U02105,C0176,May,249,94,11
U02106,C0176,Jun,243,99,16
U02107,C0176,Jul,224,68,19
U02108,C0176,Aug,131,88,17
U02109,C0176,Sep,117,80,7
U02110,C0176,Oct,271,84,16
U02111,C0176,Nov,185,85,5
U02112,C0176,Dec,242,78,16
U02113,C0177,Jan,673,36,76
U02114,C0177,Feb,564,34,78
U02115,C0177,Mar,641,43,50
U02116,C0177,Apr,516,27,47
U02117,C0177,May,428,33,86
U02118,C0177,Jun,717,47,66
U02119,C0177,Jul,846,45,76
U02120,C0177,Aug,437,30,45
U02121,C0177,Sep,679,26,36
U02122,C0177,Oct,664,35,77
U02123,C0177,Nov,580,20,81
U02124,C0177,Dec,897,19,38
U02125,C0178,Jan,485,38,73
U02126,C0178,Feb,705,22,61
U02127,C0178,Mar,772,23,60
U02128,C0178,Apr,543,33,42
U02129,C0178,May,912,25,68
U02130,C0178,Jun,937,34,66
U02131,C0178,Jul,492,33,73
U02132,C0178,Aug,525,38,56
U02133,C0178,Sep,799,33,62
U02134,C0178,Oct,623,27,41
U02135,C0178,Nov,579,31,52
U02136,C0178,Dec,850,44,51
U02137,C0179,Jan,457,49,69
U02138,C0179,Feb,783,25,55
U02139,C0179,Mar,833,48,78
U02140,C0179,Apr,652,35,85
U02141,C0179,May,548,41,65
U02142,C0179,Jun,776,37,36
U02143,C0179,Jul,435,21,79
U02144,C0179,Aug,645,34,70
U02145,C0179,Sep,793,37,75
U02146,C0179,Oct,771,25,69
U02147,C0179,Nov,642,46,59
U02148,C0179,Dec,408,43,51
U02149,C0180,Jan,708,23,87
U02150,C0180,Feb,641,37,48
U02151,C0180,Mar,564,46,75
U02152,C0180,Apr,724,44,85
U02153,C0180,May,434,35,90
U02154,C0180,Jun,482,49,65
U02155,C0180,Jul,822,39,80
U02156,C0180,Aug,832,24,87
U02157,C0180,Sep,564,34,67
U02158,C0180,Oct,467,40,61
U02159,C0180,Nov,734,47,79
U02160,C0180,Dec,428,21,76
U02161,C0181,Jan,244,76,17
U02162,C0181,Feb,282,73,3
U02163,C0181,Mar,182,77,12
U02164,C0181,Apr,160,70,6
U02165,C0181,May,120,80,19
U02166,C0181,Jun,262,73,16
U02167,C0181,Jul,282,85,17
U02168,C0181,Aug,202,73,11
U02169,C0181,Sep,124,85,12
U02170,C0181,Oct,130,70,16
U02171,C0181,Nov,174,76,15
U02172,C0181,Dec,176,79,3
U02173,C0182,Jan,423,53,76
U02174,C0182,Feb,634,23,64
U02175,C0182,Mar,603,34,79
U02176,C0182,Apr,572,21,60
U02177,C0182,May,839,34,44
U02178,C0182,Jun,491,41,45
U02179,C0182,Jul,520,18,80
U02180,C0182,Aug,938,45,84
U02181,C0182,Sep,864,49,42
U02182,C0182,Oct,629,31,47
U02183,C0182,Nov,672,36,82
U02184,C0182,Dec,906,42,43
U02185,C0183,Jan,841,31,73
U02186,C0183,Feb,620,36,81
U02187,C0183,Mar,593,44,46
U02188,C0183,Apr,818,27,36
U02189,C0183,May,697,34,50
U02190,C0183,Jun,861,33,58
U02191,C0183,Jul,869,23,35
U02192,C0183,Aug,880,26,90
U02193,C0183,Sep,731,43,78
U02194,C0183,Oct,617,42,80
U02195,C0183,Nov,833,34,39
U02196,C0183,Dec,497,53,38
U02197,C0184,Jan,453,39,50
U02198,C0184,Feb,882,40,73
U02199,C0184,Mar,446,18,51
U02200,C0184,Apr,916,42,54
U02201,C0184,May,804,41,43
U02202,C0184,Jun,442,55,46
U02203,C0184,Jul,666,28,67
U02204,C0184,Aug,904,39,64
U02205,C0184,Sep,535,23,55
U02206,C0184,Oct,943,45,44
U02207,C0184,Nov,666,25,55
U02208,C0184,Dec,445,26,66
U02209,C0185,Jan,687,41,62
U02210,C0185,Feb,689,34,74
U02211,C0185,Mar,670,51,55
U02212,C0185,Apr,846,28,55
U02213,C0185,May,903,27,70
U02214,C0185,Jun,850,21,47
U02215,C0185,Jul,552,21,49
U02216,C0185,Aug,587,20,65
U02217,C0185,Sep,666,28,80
U02218,C0185,Oct,878,45,42
U02219,C0185,Nov,906,20,63
U02220,C0185,Dec,765,53,66
U02221,C0186,Jan,868,49,42
U02222,C0186,Feb,551,25,57
U02223,C0186,Mar,495,31,90
U02224,C0186,Apr,690,29,88
U02225,C0186,May,572,50,87
U02226,C0186,Jun,679,54,77
U02227,C0186,Jul,617,55,35
U02228,C0186,Aug,938,54,46
U02229,C0186,Sep,826,22,50
U02230,C0186,Oct,910,24,56
U02231,C0186,Nov,426,36,78
U02232,C0186,Dec,524,43,58
U02233,C0187,Jan,231,71,13
U02234,C0187,Feb,119,66,5
U02235,C0187,Mar,197,95,17
U02236,C0187,Apr,240,82,3
U02237,C0187,May,164,67,17
U02238,C0187,Jun,163,73,9
U02239,C0187,Jul,300,68,12
U02240,C0187,Aug,162,68,5
U02241,C0187,Sep,220,89,5
U02242,C0187,Oct,182,81,8
U02243,C0187,Nov,141,90,5
U02244,C0187,Dec,85,78,8
U02245,C0188,Jan,797,43,53
U02246,C0188,Feb,557,25,54
U02247,C0188,Mar,902,45,82
U02248,C0188,Apr,717,26,57
U02249,C0188,May,498,41,67
U02250,C0188,Jun,604,49,63
U02251,C0188,Jul,797,48,52
U02252,C0188,Aug,833,23,83
U02253,C0188,Sep,832,41,74
U02254,C0188,Oct,590,45,75
U02255,C0188,Nov,836,23,37
U02256,C0188,Dec,925,39,64
U02257,C0189,Jan,253,79,7
U02258,C0189,Feb,206,98,19
U02259,C0189,Mar,101,83,17
U02260,C0189,Apr,191,70,18
U02261,C0189,May,156,74,7
U02262,C0189,Jun,255,84,10
U02263,C0189,Jul,213,92,12
U02264,C0189,Aug,225,68,20
U02265,C0189,Sep,99,67,19
U02266,C0189,Oct,107,97,16
U02267,C0189,Nov,185,71,17
U02268,C0189,Dec,249,81,14
U02269,C0190,Jan,145,70,19
U02270,C0190,Feb,84,72,17
U02271,C0190,Mar,125,76,15
U02272,C0190,Apr,91,70,16
U02273,C0190,May,260,84,13
U02274,C0190,Jun,230,94,17
U02275,C0190,Jul,239,81,13
U02276,C0190,Aug,287,76,9
U02277,C0190,Sep,127,70,11
U02278,C0190,Oct,252,71,16
U02279,C0190,Nov,216,66,3
U02280,C0190,Dec,181,72,3
U02281,C0191,Jan,575,48,64
U02282,C0191,Feb,814,49,54
U02283,C0191,Mar,769,43,86
U02284,C0191,Apr,709,23,43
U02285,C0191,May,538,18,47
U02286,C0191,Jun,514,19,79
U02287,C0191,Jul,592,19,48
U02288,C0191,Aug,892,27,76
U02289,C0191,Sep,647,45,88
U02290,C0191,Oct,595,23,54
U02291,C0191,Nov,874,27,65
U02292,C0191,Dec,832,19,42
U02293,C0192,Jan,570,27,82
U02294,C0192,Feb,855,49,65
U02295,C0192,Mar,420,46,72
U02296,C0192,Apr,648,30,53
U02297,C0192,May,801,21,56
U02298,C0192,Jun,408,24,75
U02299,C0192,Jul,842,44,89
U02300,C0192,Aug,907,55,73
U02301,C0192,Sep,697,20,66
U02302,C0192,Oct,809,49,67
U02303,C0192,Nov,899,32,80
U02304,C0192,Dec,462,51,36
U02305,C0193,Jan,188,85,20
U02306,C0193,Feb,96,82,16
U02307,C0193,Mar,201,72,18
U02308,C0193,Apr,239,87,17
U02309,C0193,May,258,92,3
U02310,C0193,Jun,121,83,9
U02311,C0193,Jul,200,87,17
U02312,C0193,Aug,139,97,10
U02313,C0193,Sep,230,86,17
U02314,C0193,Oct,113,83,15
U02315,C0193,Nov,186,88,18
U02316,C0193,Dec,284,75,9
U02317,C0194,Jan,152,70,18
U02318,C0194,Feb,113,76,9
U02319,C0194,Mar,120,96,6
U02320,C0194,Apr,283,91,18
U02321,C0194,May,157,80,9
U02322,C0194,Jun,222,68,3
U02323,C0194,Jul,171,81,14
U02324,C0194,Aug,253,75,8
U02325,C0194,Sep,291,97,4
U02326,C0194,Oct,286,69,13
U02327,C0194,Nov,190,72,10
U02328,C0194,Dec,110,100,10
U02329,C0195,Jan,204,81,13
U02330,C0195,Feb,280,87,4
U02331,C0195,Mar,277,100,11
U02332,C0195,Apr,118,97,6
U02333,C0195,May,260,68,17
U02334,C0195,Jun,284,94,6
U02335,C0195,Jul,107,71,20
U02336,C0195,Aug,90,97,6
U02337,C0195,Sep,122,72,9
U02338,C0195,Oct,172,75,12
U02339,C0195,Nov,261,93,19
U02340,C0195,Dec,207,71,7
U02341,C0196,Jan,772,39,87
U02342,C0196,Feb,541,25,89
U02343,C0196,Mar,606,46,61
U02344,C0196,Apr,406,33,88
U02345,C0196,May,885,39,53
U02346,C0196,Jun,917,28,40
U02347,C0196,Jul,672,41,80
U02348,C0196,Aug,824,41,75
U02349,C0196,Sep,651,27,83
U02350,C0196,Oct,942,44,85
U02351,C0196,Nov,633,26,86
U02352,C0196,Dec,839,44,61
U02353,C0197,Jan,869,51,85
U02354,C0197,Feb,770,19,63
U02355,C0197,Mar,549,18,80
U02356,C0197,Apr,929,22,40
U02357,C0197,May,746,38,60
U02358,C0197,Jun,568,45,38
U02359,C0197,Jul,802,20,77
U02360,C0197,Aug,554,54,38
U02361,C0197,Sep,932,36,61
U02362,C0197,Oct,811,53,90
U02363,C0197,Nov,711,38,57
U02364,C0197,Dec,408,35,68
U02365,C0198,Jan,550,43,63
U02366,C0198,Feb,610,52,74
U02367,C0198,Mar,852,40,86
U02368,C0198,Apr,814,30,54
U02369,C0198,May,486,20,69
U02370,C0198,Jun,742,42,81
U02371,C0198,Jul,529,51,69
U02372,C0198,Aug,690,31,40
U02373,C0198,Sep,923,53,54
U02374,C0198,Oct,933,39,83
U02375,C0198,Nov,563,19,36
U02376,C0198,Dec,664,33,88
U02377,C0199,Jan,711,45,67
U02378,C0199,Feb,513,21,88
U02379,C0199,Mar,781,34,75
U02380,C0199,Apr,919,40,42
U02381,C0199,May,448,25,63
U02382,C0199,Jun,705,54,82
U02383,C0199,Jul,405,47,56
U02384,C0199,Aug,641,55,71
U02385,C0199,Sep,946,32,57
U02386,C0199,Oct,706,36,77
U02387,C0199,Nov,543,42,68
U02388,C0199,Dec,653,24,55
U02389,C0200,Jan,928,55,47
U02390,C0200,Feb,769,47,41
U02391,C0200,Mar,550,45,88
U02392,C0200,Apr,821,23,40
U02393,C0200,May,463,45,43
U02394,C0200,Jun,887,31,63
U02395,C0200,Jul,479,41,78
U02396,C0200,Aug,938,43,72
U02397,C0200,Sep,931,43,90
U02398,C0200,Oct,670,55,66
U02399,C0200,Nov,833,46,79
U02400,C0200,Dec,901,44,87
U02401,C0201,Jan,121,74,19
U02402,C0201,Feb,112,96,17
U02403,C0201,Mar,113,97,19
U02404,C0201,Apr,110,78,17
U02405,C0201,May,201,67,8
U02406,C0201,Jun,223,88,6
U02407,C0201,Jul,234,91,6
U02408,C0201,Aug,110,88,12
U02409,C0201,Sep,90,98,7
U02410,C0201,Oct,110,88,12
U02411,C0201,Nov,175,84,12
U02412,C0201,Dec,204,66,7
U02413,C0202,Jan,545,55,61
U02414,C0202,Feb,449,37,53
U02415,C0202,Mar,620,29,87
U02416,C0202,Apr,900,18,42
U02417,C0202,May,757,22,90
U02418,C0202,Jun,445,44,65
U02419,C0202,Jul,717,54,63
U02420,C0202,Aug,745,42,65
U02421,C0202,Sep,535,26,67
U02422,C0202,Oct,871,46,77
U02423,C0202,Nov,859,27,90
U02424,C0202,Dec,733,23,86
U02425,C0203,Jan,819,42,49
U02426,C0203,Feb,804,39,69
U02427,C0203,Mar,446,46,82
U02428,C0203,Apr,684,23,90
U02429,C0203,May,569,19,71
U02430,C0203,Jun,716,53,76
U02431,C0203,Jul,526,53,40
U02432,C0203,Aug,597,52,71
U02433,C0203,Sep,454,54,68
U02434,C0203,Oct,593,48,67
U02435,C0203,Nov,419,25,77
U02436,C0203,Dec,944,29,36
U02437,C0204,Jan,150,78,10
U02438,C0204,Feb,292,93,5
U02439,C0204,Mar,286,99,13
U02440,C0204,Apr,182,67,18
U02441,C0204,May,300,66,13
U02442,C0204,Jun,191,76,16
U02443,C0204,Jul,86,98,13
U02444,C0204,Aug,177,81,5
U02445,C0204,Sep,109,71,20
U02446,C0204,Oct,123,83,7
U02447,C0204,Nov,126,81,5
U02448,C0204,Dec,119,84,16
U02449,C0205,Jan,573,21,74
U02450,C0205,Feb,733,29,36
U02451,C0205,Mar,459,37,59
U02452,C0205,Apr,501,38,44
U02453,C0205,May,822,38,51
U02454,C0205,Jun,784,25,38
U02455,C0205,Jul,607,33,83
U02456,C0205,Aug,642,49,67
U02457,C0205,Sep,916,42,42
U02458,C0205,Oct,675,21,55
U02459,C0205,Nov,875,53,61
U02460,C0205,Dec,467,48,36
U02461,C0206,Jan,184,79,3
U02462,C0206,Feb,148,100,6
U02463,C0206,Mar,143,100,7
U02464,C0206,Apr,157,91,17
U02465,C0206,May,101,97,9
U02466,C0206,Jun,280,74,14
U02467,C0206,Jul,218,75,10
U02468,C0206,Aug,217,92,20
U02469,C0206,Sep,195,67,3
U02470,C0206,Oct,288,94,12
U02471,C0206,Nov,247,75,3
U02472,C0206,Dec,95,95,11
U02473,C0207,Jan,233,81,15
U02474,C0207,Feb,169,78,19
U02475,C0207,Mar,152,67,8
U02476,C0207,Apr,269,99,5
U02477,C0207,May,156,70,15
U02478,C0207,Jun,258,72,7
U02479,C0207,Jul,265,100,11
U02480,C0207,Aug,190,78,19
U02481,C0207,Sep,285,85,13
U02482,C0207,Oct,242,81,17
U02483,C0207,Nov,149,80,13
U02484,C0207,Dec,167,78,17
U02485,C0208,Jan,736,19,79
U02486,C0208,Feb,536,18,73
U02487,C0208,Mar,887,18,35
U02488,C0208,Apr,577,44,70
U02489,C0208,May,900,43,69
U02490,C0208,Jun,483,22,69
U02491,C0208,Jul,431,46,78
U02492,C0208,Aug,526,40,87
U02493,C0208,Sep,785,40,59
U02494,C0208,Oct,581,18,42
U02495,C0208,Nov,873,41,47
U02496,C0208,Dec,855,18,49
U02497,C0209,Jan,420,35,78
U02498,C0209,Feb,766,30,40
U02499,C0209,Mar,710,32,49
U02500,C0209,Apr,905,41,37
U02501,C0209,May,687,49,80
U02502,C0209,Jun,614,18,47
U02503,C0209,Jul,805,25,90
U02504,C0209,Aug,684,54,67
U02505,C0209,Sep,905,28,70
U02506,C0209,Oct,598,54,78
U02507,C0209,Nov,579,22,72
U02508,C0209,Dec,531,22,43
U02509,C0210,Jan,665,54,89
U02510,C0210,Feb,633,51,81
U02511,C0210,Mar,680,30,89
U02512,C0210,Apr,423,52,74
U02513,C0210,May,658,53,64
U02514,C0210,Jun,402,45,76
U02515,C0210,Jul,453,38,62
U02516,C0210,Aug,816,35,42
U02517,C0210,Sep,930,47,66
U02518,C0210,Oct,770,51,83
U02519,C0210,Nov,444,32,38
U02520,C0210,Dec,684,44,69
U02521,C0211,Jan,859,38,35
U02522,C0211,Feb,801,30,56
U02523,C0211,Mar,483,54,86
U02524,C0211,Apr,425,32,79
U02525,C0211,May,833,22,50
U02526,C0211,Jun,601,28,56
U02527,C0211,Jul,718,22,75
U02528,C0211,Aug,499,19,65
U02529,C0211,Sep,842,19,72
U02530,C0211,Oct,742,34,50
U02531,C0211,Nov,510,48,50
U02532,C0211,Dec,748,21,87
U02533,C0212,Jan,741,51,85
U02534,C0212,Feb,642,22,84
U02535,C0212,Mar,849,24,75
U02536,C0212,Apr,857,55,42
U02537,C0212,May,487,21,37
U02538,C0212,Jun,786,38,89
U02539,C0212,Jul,466,26,38
U02540,C0212,Aug,852,21,54
U02541,C0212,Sep,842,22,41
U02542,C0212,Oct,457,53,38
U02543,C0212,Nov,701,42,60
U02544,C0212,Dec,498,44,49
U02545,C0213,Jan,233,65,17
U02546,C0213,Feb,178,94,16
U02547,C0213,Mar,238,71,13
U02548,C0213,Apr,246,66,17
U02549,C0213,May,212,86,9
U02550,C0213,Jun,107,71,3
U02551,C0213,Jul,232,69,9
U02552,C0213,Aug,226,73,19
U02553,C0213,Sep,145,87,16
U02554,C0213,Oct,203,93,8
U02555,C0213,Nov,142,73,4
U02556,C0213,Dec,95,73,12
U02557,C0214,Jan,229,92,19
U02558,C0214,Feb,246,87,12
U02559,C0214,Mar,229,99,7
U02560,C0214,Apr,117,95,12
U02561,C0214,May,234,86,12
U02562,C0214,Jun,174,65,19
U02563,C0214,Jul,230,74,4
U02564,C0214,Aug,140,97,20
U02565,C0214,Sep,299,68,16
U02566,C0214,Oct,168,77,9
U02567,C0214,Nov,243,77,5
U02568,C0214,Dec,167,77,18
U02569,C0215,Jan,878,39,89
U02570,C0215,Feb,743,37,61
U02571,C0215,Mar,736,28,41
U02572,C0215,Apr,865,20,66
U02573,C0215,May,624,18,75
U02574,C0215,Jun,628,32,64
U02575,C0215,Jul,618,33,65
U02576,C0215,Aug,739,42,48
U02577,C0215,Sep,809,29,87
U02578,C0215,Oct,406,41,35
U02579,C0215,Nov,475,40,36
U02580,C0215,Dec,517,27,53
U02581,C0216,Jan,850,30,75
U02582,C0216,Feb,768,20,36
U02583,C0216,Mar,603,30,53
U02584,C0216,Apr,578,32,51
U02585,C0216,May,578,39,89
U02586,C0216,Jun,651,29,47
U02587,C0216,Jul,422,29,88
U02588,C0216,Aug,668,24,36
U02589,C0216,Sep,540,42,76
U02590,C0216,Oct,513,39,48
U02591,C0216,Nov,712,47,50
U02592,C0216,Dec,778,41,77
U02593,C0217,Jan,575,51,86
U02594,C0217,Feb,844,22,42
U02595,C0217,Mar,547,26,85
U02596,C0217,Apr,594,30,69
U02597,C0217,May,787,41,55
U02598,C0217,Jun,839,33,37
U02599,C0217,Jul,593,52,53
U02600,C0217,Aug,552,38,50
U02601,C0217,Sep,454,35,90
U02602,C0217,Oct,529,50,72
U02603,C0217,Nov,900,31,81
U02604,C0217,Dec,483,48,85
U02605,C0218,Jan,466,28,67
U02606,C0218,Feb,797,50,58
U02607,C0218,Mar,910,51,64
U02608,C0218,Apr,583,38,80
U02609,C0218,May,782,51,79
U02610,C0218,Jun,894,49,65
U02611,C0218,Jul,674,55,60
U02612,C0218,Aug,437,31,49
U02613,C0218,Sep,607,46,90
U02614,C0218,Oct,640,43,48
U02615,C0218,Nov,713,45,59
U02616,C0218,Dec,560,41,51
U02617,C0219,Jan,486,26,83
U02618,C0219,Feb,486,36,63
U02619,C0219,Mar,931,40,49
U02620,C0219,Apr,442,47,67
U02621,C0219,May,744,45,63
U02622,C0219,Jun,878,45,61
U02623,C0219,Jul,776,49,55
U02624,C0219,Aug,679,42,36
U02625,C0219,Sep,583,46,49
U02626,C0219,Oct,671,22,57
U02627,C0219,Nov,484,36,88
U02628,C0219,Dec,913,50,69
U02629,C0220,Jan,244,70,11
U02630,C0220,Feb,138,71,6
U02631,C0220,Mar,98,88,4
U02632,C0220,Apr,219,77,13
U02633,C0220,May,130,86,11
U02634,C0220,Jun,157,82,9
U02635,C0220,Jul,260,73,20
U02636,C0220,Aug,146,65,12
U02637,C0220,Sep,152,87,15
U02638,C0220,Oct,183,65,18
U02639,C0220,Nov,247,97,7
U02640,C0220,Dec,181,79,10
U02641,C0221,Jan,614,48,49
U02642,C0221,Feb,928,55,85
U02643,C0221,Mar,879,47,56
U02644,C0221,Apr,487,38,89
U02645,C0221,May,592,45,84
U02646,C0221,Jun,827,31,63
U02647,C0221,Jul,860,53,36
U02648,C0221,Aug,783,26,71
U02649,C0221,Sep,531,37,82
U02650,C0221,Oct,409,49,86
U02651,C0221,Nov,763,39,49
U02652,C0221,Dec,829,45,78
U02653,C0222,Jan,272,90,20
U02654,C0222,Feb,156,85,3
U02655,C0222,Mar,225,67,7
U02656,C0222,Apr,119,86,15
U02657,C0222,May,177,78,15
U02658,C0222,Jun,96,99,15
U02659,C0222,Jul,128,95,6
U02660,C0222,Aug,164,93,12
U02661,C0222,Sep,103,75,6
U02662,C0222,Oct,252,100,8
U02663,C0222,Nov,88,96,3
U02664,C0222,Dec,127,77,5
U02665,C0223,Jan,795,36,48
U02666,C0223,Feb,638,36,77
U02667,C0223,Mar,936,22,64
U02668,C0223,Apr,458,41,68
U02669,C0223,May,411,28,55
U02670,C0223,Jun,820,43,45
U02671,C0223,Jul,513,26,69
U02672,C0223,Aug,828,48,82
U02673,C0223,Sep,470,42,90
U02674,C0223,Oct,611,26,90
U02675,C0223,Nov,610,37,62
U02676,C0223,Dec,886,28,73
U02677,C0224,Jan,227,84,9
U02678,C0224,Feb,208,94,11
U02679,C0224,Mar,131,65,7
U02680,C0224,Apr,194,69,15
U02681,C0224,May,234,80,19
U02682,C0224,Jun,164,96,17
U02683,C0224,Jul,198,67,5
U02684,C0224,Aug,153,94,14
U02685,C0224,Sep,259,84,15
U02686,C0224,Oct,236,76,16
U02687,C0224,Nov,143,76,16
U02688,C0224,Dec,197,89,8
U02689,C0225,Jan,258,71,15
U02690,C0225,Feb,258,67,10
U02691,C0225,Mar,120,82,20
U02692,C0225,Apr,154,69,9
U02693,C0225,May,206,91,20
U02694,C0225,Jun,111,88,5
U02695,C0225,Jul,273,71,19
U02696,C0225,Aug,276,85,16
U02697,C0225,Sep,195,75,11
U02698,C0225,Oct,133,97,4
U02699,C0225,Nov,198,66,5
U02700,C0225,Dec,243,94,15
U02701,C0226,Jan,167,90,9
U02702,C0226,Feb,181,67,3
U02703,C0226,Mar,144,72,7
U02704,C0226,Apr,163,94,18
U02705,C0226,May,198,69,5
U02706,C0226,Jun,220,80,17
U02707,C0226,Jul,115,95,11
U02708,C0226,Aug,295,75,8
U02709,C0226,Sep,294,66,6
U02710,C0226,Oct,125,83,6
U02711,C0226,Nov,216,90,8
U02712,C0226,Dec,99,65,11
U02713,C0227,Jan,557,46,57
U02714,C0227,Feb,582,31,80
U02715,C0227,Mar,435,52,48
U02716,C0227,Apr,852,21,88
U02717,C0227,May,935,24,59
U02718,C0227,Jun,715,46,38
U02719,C0227,Jul,404,21,84
U02720,C0227,Aug,786,30,50
U02721,C0227,Sep,783,33,47
U02722,C0227,Oct,493,19,61
U02723,C0227,Nov,428,18,56
U02724,C0227,Dec,596,22,49
U02725,C0228,Jan,104,75,8
U02726,C0228,Feb,91,91,19
U02727,C0228,Mar,107,85,13
U02728,C0228,Apr,223,77,9
U02729,C0228,May,218,90,16
U02730,C0228,Jun,110,79,9
U02731,C0228,Jul,107,87,13
U02732,C0228,Aug,124,65,15
U02733,C0228,Sep,247,85,3
U02734,C0228,Oct,179,78,17
U02735,C0228,Nov,136,69,11
U02736,C0228,Dec,246,88,4
U02737,C0229,Jan,468,31,61
U02738,C0229,Feb,708,49,41
U02739,C0229,Mar,949,54,45
U02740,C0229,Apr,657,24,73
U02741,C0229,May,732,42,78
U02742,C0229,Jun,536,39,46
U02743,C0229,Jul,725,48,39
U02744,C0229,Aug,743,19,73
U02745,C0229,Sep,859,42,67
U02746,C0229,Oct,638,50,72
U02747,C0229,Nov,413,32,36
U02748,C0229,Dec,527,37,50
U02749,C0230,Jan,268,92,10
U02750,C0230,Feb,238,70,4
U02751,C0230,Mar,115,88,18
U02752,C0230,Apr,155,77,7
U02753,C0230,May,176,78,4
U02754,C0230,Jun,140,93,13
U02755,C0230,Jul,114,82,13
U02756,C0230,Aug,244,67,19
U02757,C0230,Sep,282,91,12
U02758,C0230,Oct,272,66,10
U02759,C0230,Nov,296,86,13
U02760,C0230,Dec,142,78,20
U02761,C0231,Jan,455,33,86
U02762,C0231,Feb,627,42,68
U02763,C0231,Mar,729,29,63
U02764,C0231,Apr,406,22,90
U02765,C0231,May,903,22,47
U02766,C0231,Jun,453,27,48
U02767,C0231,Jul,528,23,46
U02768,C0231,Aug,609,33,67
U02769,C0231,Sep,480,45,81
U02770,C0231,Oct,878,37,45
U02771,C0231,Nov,602,33,62
U02772,C0231,Dec,580,33,54
U02773,C0232,Jan,153,93,9
U02774,C0232,Feb,149,95,5
U02775,C0232,Mar,172,90,15
U02776,C0232,Apr,122,95,17
U02777,C0232,May,188,97,16
U02778,C0232,Jun,274,74,18
U02779,C0232,Jul,85,89,16
U02780,C0232,Aug,298,70,12
U02781,C0232,Sep,232,99,7
U02782,C0232,Oct,221,76,11
U02783,C0232,Nov,177,94,12
U02784,C0232,Dec,196,83,15
U02785,C0233,Jan,892,22,56
U02786,C0233,Feb,539,48,47
U02787,C0233,Mar,558,30,35
U02788,C0233,Apr,413,50,81
U02789,C0233,May,783,49,60
U02790,C0233,Jun,825,43,82
U02791,C0233,Jul,782,42,66
U02792,C0233,Aug,715,55,39
U02793,C0233,Sep,818,20,42
U02794,C0233,Oct,794,54,45
U02795,C0233,Nov,598,45,51
U02796,C0233,Dec,756,50,80
U02797,C0234,Jan,900,41,79
U02798,C0234,Feb,459,42,62
U02799,C0234,Mar,652,33,65
U02800,C0234,Apr,435,41,75
U02801,C0234,May,428,27,51
U02802,C0234,Jun,866,27,51
U02803,C0234,Jul,653,55,77
U02804,C0234,Aug,565,18,42
U02805,C0234,Sep,494,42,60
U02806,C0234,Oct,482,51,47
U02807,C0234,Nov,833,28,88
U02808,C0234,Dec,837,34,79
U02809,C0235,Jan,709,50,69
U02810,C0235,Feb,791,55,54
U02811,C0235,Mar,821,23,41
U02812,C0235,Apr,752,27,52
U02813,C0235,May,614,43,79
U02814,C0235,Jun,715,18,45
U02815,C0235,Jul,903,18,41
U02816,C0235,Aug,471,44,68
U02817,C0235,Sep,826,36,81
U02818,C0235,Oct,841,28,46
U02819,C0235,Nov,783,29,80
U02820,C0235,Dec,537,30,66
U02821,C0236,Jan,586,50,42
U02822,C0236,Feb,861,54,87
U02823,C0236,Mar,617,29,47
U02824,C0236,Apr,460,29,86
U02825,C0236,May,596,34,90
U02826,C0236,Jun,818,46,75
U02827,C0236,Jul,511,28,40
U02828,C0236,Aug,700,23,59
U02829,C0236,Sep,527,35,39
U02830,C0236,Oct,750,19,72
U02831,C0236,Nov,640,48,66
U02832,C0236,Dec,503,18,38
U02833,C0237,Jan,148,65,4
U02834,C0237,Feb,104,78,19
U02835,C0237,Mar,282,65,15
U02836,C0237,Apr,234,98,11
U02837,C0237,May,204,95,13
U02838,C0237,Jun,234,92,13
U02839,C0237,Jul,174,86,13
U02840,C0237,Aug,289,80,14
U02841,C0237,Sep,250,90,15
U02842,C0237,Oct,236,68,14
U02843,C0237,Nov,164,71,3
U02844,C0237,Dec,196,90,7
U02845,C0238,Jan,86,72,19
U02846,C0238,Feb,151,80,14
U02847,C0238,Mar,195,95,19
U02848,C0238,Apr,185,77,3
U02849,C0238,May,243,85,3
U02850,C0238,Jun,242,88,4
U02851,C0238,Jul,286,85,17
U02852,C0238,Aug,139,96,15
U02853,C0238,Sep,269,70,14
U02854,C0238,Oct,189,95,6
U02855,C0238,Nov,267,89,12
U02856,C0238,Dec,235,77,7
U02857,C0239,Jan,213,97,4
U02858,C0239,Feb,112,96,5
U02859,C0239,Mar,157,100,17
U02860,C0239,Apr,123,93,6
U02861,C0239,May,203,99,10
U02862,C0239,Jun,142,78,8
U02863,C0239,Jul,272,70,6
U02864,C0239,Aug,191,66,8
U02865,C0239,Sep,163,89,11
U02866,C0239,Oct,136,81,18
U02867,C0239,Nov,251,72,7
U02868,C0239,Dec,216,96,5
U02869,C0240,Jan,283,86,10
U02870,C0240,Feb,227,69,13
U02871,C0240,Mar,176,89,20
U02872,C0240,Apr,299,92,10
U02873,C0240,May,137,81,6
U02874,C0240,Jun,154,70,6
U02875,C0240,Jul,102,86,9
U02876,C0240,Aug,270,72,14
U02877,C0240,Sep,112,85,15
U02878,C0240,Oct,227,65,12
U02879,C0240,Nov,95,99,9
U02880,C0240,Dec,296,89,16
U02881,C0241,Jan,727,41,86
U02882,C0241,Feb,529,51,77
U02883,C0241,Mar,627,24,60
U02884,C0241,Apr,409,52,89
U02885,C0241,May,871,38,44
U02886,C0241,Jun,703,32,66
U02887,C0241,Jul,866,27,73
U02888,C0241,Aug,690,27,82
U02889,C0241,Sep,435,38,54
U02890,C0241,Oct,914,25,52
U02891,C0241,Nov,889,31,66
U02892,C0241,Dec,698,42,38
U02893,C0242,Jan,741,27,87
U02894,C0242,Feb,615,32,79
U02895,C0242,Mar,453,29,89
U02896,C0242,Apr,899,43,54
U02897,C0242,May,563,19,70
U02898,C0242,Jun,801,39,62
U02899,C0242,Jul,884,40,83
U02900,C0242,Aug,800,43,39
U02901,C0242,Sep,940,36,53
U02902,C0242,Oct,599,53,60
U02903,C0242,Nov,499,26,55
U02904,C0242,Dec,455,37,64
U02905,C0243,Jan,567,54,43
U02906,C0243,Feb,852,48,53
U02907,C0243,Mar,548,31,48
U02908,C0243,Apr,600,18,58
U02909,C0243,May,504,27,59
U02910,C0243,Jun,837,28,38
U02911,C0243,Jul,498,40,65
U02912,C0243,Aug,583,21,42
U02913,C0243,Sep,927,39,72
U02914,C0243,Oct,844,27,75
U02915,C0243,Nov,813,33,37
U02916,C0243,Dec,521,33,60
U02917,C0244,Jan,900,37,79
U02918,C0244,Feb,576,42,84
U02919,C0244,Mar,491,47,90
U02920,C0244,Apr,791,35,75
U02921,C0244,May,855,41,35
U02922,C0244,Jun,522,25,40
U02923,C0244,Jul,524,49,76
U02924,C0244,Aug,921,32,36
U02925,C0244,Sep,891,35,79
U02926,C0244,Oct,496,55,46
U02927,C0244,Nov,793,48,76
U02928,C0244,Dec,844,37,71
U02929,C0245,Jan,112,71,13
U02930,C0245,Feb,96,99,8
U02931,C0245,Mar,183,66,15
U02932,C0245,Apr,222,99,19
U02933,C0245,May,205,69,19
U02934,C0245,Jun,294,99,6
U02935,C0245,Jul,272,78,6
U02936,C0245,Aug,126,76,3
U02937,C0245,Sep,222,93,13
U02938,C0245,Oct,111,67,7
U02939,C0245,Nov,227,78,8
U02940,C0245,Dec,102,100,11
U02941,C0246,Jan,435,23,42
U02942,C0246,Feb,918,37,58
U02943,C0246,Mar,575,45,77
U02944,C0246,Apr,400,33,54
U02945,C0246,May,447,51,85
U02946,C0246,Jun,700,52,63
U02947,C0246,Jul,543,54,66
U02948,C0246,Aug,720,51,57
U02949,C0246,Sep,922,31,79
U02950,C0246,Oct,501,20,50
U02951,C0246,Nov,437,30,44
U02952,C0246,Dec,706,31,43
U02953,C0247,Jan,621,55,57
U02954,C0247,Feb,684,26,81
U02955,C0247,Mar,832,22,70
U02956,C0247,Apr,661,34,59
U02957,C0247,May,567,43,64
U02958,C0247,Jun,485,34,78
U02959,C0247,Jul,835,27,69
U02960,C0247,Aug,608,22,75
U02961,C0247,Sep,675,30,80
U02962,C0247,Oct,781,54,77
U02963,C0247,Nov,923,28,61
U02964,C0247,Dec,557,38,85
U02965,C0248,Jan,844,42,36
U02966,C0248,Feb,653,22,52
U02967,C0248,Mar,527,52,42
U02968,C0248,Apr,816,22,56
U02969,C0248,May,491,41,56
U02970,C0248,Jun,679,27,90
U02971,C0248,Jul,631,35,35
U02972,C0248,Aug,500,42,49
U02973,C0248,Sep,787,24,85
U02974,C0248,Oct,526,29,68
U02975,C0248,Nov,713,55,87
U02976,C0248,Dec,901,24,68
U02977,C0249,Jan,757,54,90
U02978,C0249,Feb,688,53,52
U02979,C0249,Mar,501,21,45
U02980,C0249,Apr,725,42,46
U02981,C0249,May,753,52,70
U02982,C0249,Jun,812,48,72
U02983,C0249,Jul,530,34,35
U02984,C0249,Aug,925,27,77
U02985,C0249,Sep,529,27,59
U02986,C0249,Oct,673,21,81
U02987,C0249,Nov,779,33,78
U02988,C0249,Dec,828,47,46
U02989,C0250,Jan,849,40,86
U02990,C0250,Feb,879,50,53
U02991,C0250,Mar,682,45,68
U02992,C0250,Apr,634,37,75
U02993,C0250,May,489,37,61
U02994,C0250,Jun,720,23,75
U02995,C0250,Jul,481,22,81
U02996,C0250,Aug,645,23,45
U02997,C0250,Sep,458,23,82
U02998,C0250,Oct,692,53,66
U02999,C0250,Nov,410,45,78
U03000,C0250,Dec,920,26,65
U03001,C0251,Jan,909,50,78
U03002,C0251,Feb,945,25,60
U03003,C0251,Mar,414,30,88
U03004,C0251,Apr,407,45,79
U03005,C0251,May,947,40,50
U03006,C0251,Jun,940,20,73
U03007,C0251,Jul,859,28,78
U03008,C0251,Aug,936,32,46
U03009,C0251,Sep,476,41,88
U03010,C0251,Oct,536,50,57
U03011,C0251,Nov,452,45,66
U03012,C0251,Dec,788,28,58
U03013,C0252,Jan,515,39,78
U03014,C0252,Feb,655,52,89
U03015,C0252,Mar,520,36,54
U03016,C0252,Apr,894,36,51
U03017,C0252,May,618,18,82
U03018,C0252,Jun,803,31,54
U03019,C0252,Jul,927,20,64
U03020,C0252,Aug,899,21,57
U03021,C0252,Sep,406,47,56
U03022,C0252,Oct,705,40,41
U03023,C0252,Nov,405,40,81
U03024,C0252,Dec,590,43,57
U03025,C0253,Jan,409,24,62
U03026,C0253,Feb,903,30,40
U03027,C0253,Mar,941,50,44
U03028,C0253,Apr,820,25,66
U03029,C0253,May,407,27,84
U03030,C0253,Jun,656,32,65
U03031,C0253,Jul,804,41,54
U03032,C0253,Aug,773,45,46
U03033,C0253,Sep,949,35,41
U03034,C0253,Oct,849,46,45
U03035,C0253,Nov,543,40,82
U03036,C0253,Dec,844,18,57
U03037,C0254,Jan,603,25,47
U03038,C0254,Feb,691,20,43
U03039,C0254,Mar,804,44,82
U03040,C0254,Apr,739,20,45
U03041,C0254,May,603,48,77
U03042,C0254,Jun,672,25,61
U03043,C0254,Jul,900,53,66
U03044,C0254,Aug,530,38,83
U03045,C0254,Sep,809,50,81
U03046,C0254,Oct,798,26,42
U03047,C0254,Nov,510,19,43
U03048,C0254,Dec,559,40,67
U03049,C0255,Jan,413,33,38
U03050,C0255,Feb,750,45,73
U03051,C0255,Mar,408,45,65
U03052,C0255,Apr,696,36,66
U03053,C0255,May,484,45,50
U03054,C0255,Jun,556,50,46
U03055,C0255,Jul,655,35,84
U03056,C0255,Aug,517,34,79
U03057,C0255,Sep,653,45,47
U03058,C0255,Oct,885,24,79
U03059,C0255,Nov,914,29,47
U03060,C0255,Dec,552,32,42
U03061,C0256,Jan,535,43,37
U03062,C0256,Feb,680,30,44
U03063,C0256,Mar,836,19,74
U03064,C0256,Apr,604,23,90
U03065,C0256,May,452,42,61
U03066,C0256,Jun,937,37,79
U03067,C0256,Jul,636,32,56
U03068,C0256,Aug,836,48,38
U03069,C0256,Sep,922,45,76
U03070,C0256,Oct,452,37,42
U03071,C0256,Nov,675,41,52
U03072,C0256,Dec,759,44,50
U03073,C0257,Jan,727,21,46
U03074,C0257,Feb,441,18,38
U03075,C0257,Mar,729,31,53
U03076,C0257,Apr,883,35,73
U03077,C0257,May,503,45,46
U03078,C0257,Jun,658,49,58
U03079,C0257,Jul,742,37,42
U03080,C0257,Aug,499,18,78
U03081,C0257,Sep,533,39,58
U03082,C0257,Oct,770,55,68
U03083,C0257,Nov,780,33,76
U03084,C0257,Dec,682,31,72
U03085,C0258,Jan,178,70,6
U03086,C0258,Feb,113,72,4
U03087,C0258,Mar,230,77,9
U03088,C0258,Apr,260,93,6
U03089,C0258,May,99,99,13
U03090,C0258,Jun,157,95,9
U03091,C0258,Jul,216,74,4
U03092,C0258,Aug,112,77,16
U03093,C0258,Sep,220,81,20
U03094,C0258,Oct,168,88,17
U03095,C0258,Nov,241,72,16
U03096,C0258,Dec,97,95,16
U03097,C0259,Jan,936,50,85
U03098,C0259,Feb,422,28,73
U03099,C0259,Mar,680,26,53
U03100,C0259,Apr,446,54,38
U03101,C0259,May,594,43,66
U03102,C0259,Jun,945,50,39
U03103,C0259,Jul,569,46,83
U03104,C0259,Aug,921,42,70
U03105,C0259,Sep,799,43,73
U03106,C0259,Oct,678,31,46
U03107,C0259,Nov,403,28,71
U03108,C0259,Dec,623,55,79
U03109,C0260,Jan,409,50,64
U03110,C0260,Feb,915,51,51
U03111,C0260,Mar,710,32,53
U03112,C0260,Apr,674,53,42
U03113,C0260,May,575,32,37
U03114,C0260,Jun,946,33,53
U03115,C0260,Jul,440,27,52
U03116,C0260,Aug,536,35,90
U03117,C0260,Sep,452,33,87
U03118,C0260,Oct,615,52,42
U03119,C0260,Nov,401,40,75
U03120,C0260,Dec,777,38,40
U03121,C0261,Jan,260,100,11
U03122,C0261,Feb,264,73,16
U03123,C0261,Mar,236,83,13
U03124,C0261,Apr,94,65,14
U03125,C0261,May,136,82,8
U03126,C0261,Jun,145,66,20
U03127,C0261,Jul,248,71,15
U03128,C0261,Aug,247,81,20
U03129,C0261,Sep,132,93,10
U03130,C0261,Oct,163,82,9
U03131,C0261,Nov,228,90,7
U03132,C0261,Dec,194,79,16
U03133,C0262,Jan,777,27,65
U03134,C0262,Feb,495,49,46
U03135,C0262,Mar,870,29,87
U03136,C0262,Apr,580,30,71
U03137,C0262,May,902,29,76
U03138,C0262,Jun,688,19,54
U03139,C0262,Jul,566,29,87
U03140,C0262,Aug,803,30,39
U03141,C0262,Sep,546,22,62
U03142,C0262,Oct,651,47,76
U03143,C0262,Nov,812,24,81
U03144,C0262,Dec,939,26,81
U03145,C0263,Jan,272,65,6
U03146,C0263,Feb,176,89,3
U03147,C0263,Mar,108,65,4
U03148,C0263,Apr,113,80,5
U03149,C0263,May,148,74,3
U03150,C0263,Jun,282,65,6
U03151,C0263,Jul,218,86,5
U03152,C0263,Aug,131,73,18
U03153,C0263,Sep,274,93,8
U03154,C0263,Oct,158,86,18
U03155,C0263,Nov,119,80,4
U03156,C0263,Dec,219,82,20
U03157,C0264,Jan,526,19,87
U03158,C0264,Feb,445,24,69
U03159,C0264,Mar,703,24,67
U03160,C0264,Apr,825,27,35
U03161,C0264,May,629,19,49
U03162,C0264,Jun,837,42,44
U03163,C0264,Jul,761,36,49
U03164,C0264,Aug,793,25,66
U03165,C0264,Sep,573,25,49
U03166,C0264,Oct,504,36,57
U03167,C0264,Nov,478,39,42
U03168,C0264,Dec,769,23,37
U03169,C0265,Jan,554,29,62
U03170,C0265,Feb,943,39,73
U03171,C0265,Mar,585,45,44
U03172,C0265,Apr,708,36,57
U03173,C0265,May,506,35,66
U03174,C0265,Jun,777,34,86
U03175,C0265,Jul,478,18,90
U03176,C0265,Aug,552,27,55
U03177,C0265,Sep,551,42,63
U03178,C0265,Oct,889,22,42
U03179,C0265,Nov,837,35,44
U03180,C0265,Dec,492,38,43
U03181,C0266,Jan,126,89,14
U03182,C0266,Feb,161,96,16
U03183,C0266,Mar,203,91,13
U03184,C0266,Apr,115,80,15
U03185,C0266,May,187,100,18
U03186,C0266,Jun,217,99,18
U03187,C0266,Jul,216,99,10
U03188,C0266,Aug,178,70,16
U03189,C0266,Sep,214,79,5
U03190,C0266,Oct,140,88,3
U03191,C0266,Nov,132,66,14
U03192,C0266,Dec,222,95,7
U03193,C0267,Jan,512,21,57
U03194,C0267,Feb,769,26,53
U03195,C0267,Mar,871,27,88
U03196,C0267,Apr,831,33,48
U03197,C0267,May,629,21,82
U03198,C0267,Jun,541,25,79
U03199,C0267,Jul,546,42,81
U03200,C0267,Aug,426,45,58
U03201,C0267,Sep,455,24,77
U03202,C0267,Oct,475,48,88
U03203,C0267,Nov,561,19,44
U03204,C0267,Dec,774,27,40
U03205,C0268,Jan,142,69,3
U03206,C0268,Feb,225,91,7
U03207,C0268,Mar,275,76,18
U03208,C0268,Apr,270,73,19
U03209,C0268,May,258,84,18
U03210,C0268,Jun,185,86,17
U03211,C0268,Jul,280,65,12
U03212,C0268,Aug,108,74,4
U03213,C0268,Sep,244,67,8
U03214,C0268,Oct,208,75,3
U03215,C0268,Nov,181,92,17
U03216,C0268,Dec,221,81,19
U03217,C0269,Jan,713,32,62
U03218,C0269,Feb,560,35,40
U03219,C0269,Mar,934,42,43
U03220,C0269,Apr,616,43,74
U03221,C0269,May,457,32,60
U03222,C0269,Jun,588,53,73
U03223,C0269,Jul,479,47,65
U03224,C0269,Aug,720,43,87
U03225,C0269,Sep,789,28,38
U03226,C0269,Oct,780,45,47
U03227,C0269,Nov,676,24,41
U03228,C0269,Dec,479,41,73
U03229,C0270,Jan,743,19,50
U03230,C0270,Feb,688,28,69
U03231,C0270,Mar,509,22,48
U03232,C0270,Apr,411,37,47
U03233,C0270,May,606,20,50
U03234,C0270,Jun,675,23,71
U03235,C0270,Jul,445,54,85
U03236,C0270,Aug,895,20,38
U03237,C0270,Sep,722,23,54
U03238,C0270,Oct,408,40,83
U03239,C0270,Nov,689,43,67
U03240,C0270,Dec,599,38,83
U03241,C0271,Jan,180,87,7
U03242,C0271,Feb,259,71,13
U03243,C0271,Mar,184,97,6
U03244,C0271,Apr,208,74,3
U03245,C0271,May,230,89,18
U03246,C0271,Jun,230,67,12
U03247,C0271,Jul,121,74,17
U03248,C0271,Aug,100,70,10
U03249,C0271,Sep,135,74,8
U03250,C0271,Oct,208,98,19
U03251,C0271,Nov,276,86,17
U03252,C0271,Dec,281,73,13
U03253,C0272,Jan,697,41,74
U03254,C0272,Feb,841,20,80
U03255,C0272,Mar,796,33,48
U03256,C0272,Apr,476,27,71
U03257,C0272,May,909,24,86
U03258,C0272,Jun,415,27,84
U03259,C0272,Jul,716,53,90
U03260,C0272,Aug,489,49,41
U03261,C0272,Sep,865,38,45
U03262,C0272,Oct,702,28,39
U03263,C0272,Nov,686,54,58
U03264,C0272,Dec,761,23,39
U03265,C0273,Jan,125,94,11
U03266,C0273,Feb,201,81,17
U03267,C0273,Mar,246,73,6
U03268,C0273,Apr,225,96,4
U03269,C0273,May,173,83,15
U03270,C0273,Jun,184,73,17
U03271,C0273,Jul,173,97,13
U03272,C0273,Aug,175,70,16
U03273,C0273,Sep,209,93,11
U03274,C0273,Oct,254,67,4
U03275,C0273,Nov,269,80,20
U03276,C0273,Dec,82,74,6
U03277,C0274,Jan,697,42,45
U03278,C0274,Feb,808,22,49
U03279,C0274,Mar,797,47,77
U03280,C0274,Apr,495,40,64
U03281,C0274,May,879,52,87
U03282,C0274,Jun,876,24,40
U03283,C0274,Jul,584,24,60
U03284,C0274,Aug,843,30,60
U03285,C0274,Sep,736,22,55
U03286,C0274,Oct,750,49,48
U03287,C0274,Nov,887,25,52
U03288,C0274,Dec,865,20,69
U03289,C0275,Jan,559,48,44
U03290,C0275,Feb,618,38,71
U03291,C0275,Mar,432,42,38
U03292,C0275,Apr,770,45,65
U03293,C0275,May,618,21,48
U03294,C0275,Jun,423,45,52
U03295,C0275,Jul,658,29,40
U03296,C0275,Aug,545,22,52
U03297,C0275,Sep,814,23,54
U03298,C0275,Oct,862,44,68
U03299,C0275,Nov,619,34,46
U03300,C0275,Dec,455,23,62
U03301,C0276,Jan,750,37,45
U03302,C0276,Feb,603,40,61
U03303,C0276,Mar,893,48,69
U03304,C0276,Apr,564,45,57
U03305,C0276,May,798,18,70
U03306,C0276,Jun,603,22,81
U03307,C0276,Jul,548,38,77
U03308,C0276,Aug,724,18,44
U03309,C0276,Sep,869,27,66
U03310,C0276,Oct,724,25,85
U03311,C0276,Nov,816,34,68
U03312,C0276,Dec,403,46,88
U03313,C0277,Jan,528,46,75
U03314,C0277,Feb,499,20,48
U03315,C0277,Mar,592,44,79
U03316,C0277,Apr,570,42,48
U03317,C0277,May,756,31,47
U03318,C0277,Jun,414,41,87
U03319,C0277,Jul,772,19,54
U03320,C0277,Aug,714,50,87
U03321,C0277,Sep,527,49,76
U03322,C0277,Oct,866,44,61
U03323,C0277,Nov,760,40,88
U03324,C0277,Dec,836,51,83
U03325,C0278,Jan,743,25,46
U03326,C0278,Feb,869,45,58
U03327,C0278,Mar,581,53,73
U03328,C0278,Apr,566,52,62
U03329,C0278,May,790,36,89
U03330,C0278,Jun,847,36,79
U03331,C0278,Jul,501,23,86
U03332,C0278,Aug,506,23,76
U03333,C0278,Sep,416,44,41
U03334,C0278,Oct,908,52,41
U03335,C0278,Nov,854,50,72
U03336,C0278,Dec,433,36,89
U03337,C0279,Jan,830,31,49
U03338,C0279,Feb,865,53,59
U03339,C0279,Mar,517,30,89
U03340,C0279,Apr,880,25,57
U03341,C0279,May,875,44,87
U03342,C0279,Jun,805,18,58
U03343,C0279,Jul,629,50,53
U03344,C0279,Aug,674,34,54
U03345,C0279,Sep,824,33,35
U03346,C0279,Oct,824,20,35
U03347,C0279,Nov,426,27,85
U03348,C0279,Dec,783,51,87
U03349,C0280,Jan,269,85,13
U03350,C0280,Feb,123,92,10
U03351,C0280,Mar,222,90,9
U03352,C0280,Apr,237,90,4
U03353,C0280,May,285,92,7
U03354,C0280,Jun,242,89,8
U03355,C0280,Jul,183,85,19
U03356,C0280,Aug,120,92,10
U03357,C0280,Sep,105,73,19
U03358,C0280,Oct,110,90,11
U03359,C0280,Nov,294,100,8
U03360,C0280,Dec,162,78,5
U03361,C0281,Jan,495,19,62
U03362,C0281,Feb,411,55,44
U03363,C0281,Mar,428,52,40
U03364,C0281,Apr,791,19,82
U03365,C0281,May,533,47,75
U03366,C0281,Jun,766,29,50
U03367,C0281,Jul,627,37,47
U03368,C0281,Aug,948,33,81
U03369,C0281,Sep,787,34,77
U03370,C0281,Oct,452,35,40
U03371,C0281,Nov,547,19,75
U03372,C0281,Dec,505,25,64
U03373,C0282,Jan,525,24,44
U03374,C0282,Feb,689,34,46
U03375,C0282,Mar,495,22,66
U03376,C0282,Apr,770,31,60
U03377,C0282,May,503,49,85
U03378,C0282,Jun,422,44,39
U03379,C0282,Jul,898,22,48
U03380,C0282,Aug,829,42,55
U03381,C0282,Sep,861,28,46
U03382,C0282,Oct,705,18,46
U03383,C0282,Nov,432,25,56
U03384,C0282,Dec,755,48,74
U03385,C0283,Jan,405,28,68
U03386,C0283,Feb,660,25,47
U03387,C0283,Mar,430,52,36
U03388,C0283,Apr,930,50,83
U03389,C0283,May,556,31,90
U03390,C0283,Jun,773,25,48
U03391,C0283,Jul,430,38,43
U03392,C0283,Aug,625,23,81
U03393,C0283,Sep,529,35,52
U03394,C0283,Oct,893,30,40
U03395,C0283,Nov,756,53,76
U03396,C0283,Dec,701,47,82
U03397,C0284,Jan,907,45,67
U03398,C0284,Feb,809,30,51
U03399,C0284,Mar,577,30,78
U03400,C0284,Apr,687,43,41
U03401,C0284,May,719,28,85
U03402,C0284,Jun,610,49,62
U03403,C0284,Jul,856,45,73
U03404,C0284,Aug,678,38,74
U03405,C0284,Sep,510,42,62
U03406,C0284,Oct,604,54,57
U03407,C0284,Nov,782,22,63
U03408,C0284,Dec,571,20,67
U03409,C0285,Jan,659,55,61
U03410,C0285,Feb,700,51,57
U03411,C0285,Mar,807,19,42
U03412,C0285,Apr,584,38,62
U03413,C0285,May,590,40,50
U03414,C0285,Jun,474,31,77
U03415,C0285,Jul,780,41,44
U03416,C0285,Aug,721,25,35
U03417,C0285,Sep,726,18,80
U03418,C0285,Oct,736,31,64
U03419,C0285,Nov,729,32,70
U03420,C0285,Dec,467,42,53
U03421,C0286,Jan,617,51,48
U03422,C0286,Feb,505,53,52
U03423,C0286,Mar,476,54,76
U03424,C0286,Apr,831,45,55
U03425,C0286,May,727,30,47
U03426,C0286,Jun,450,49,66
U03427,C0286,Jul,447,35,61
U03428,C0286,Aug,522,25,63
U03429,C0286,Sep,575,38,72
U03430,C0286,Oct,792,33,71
U03431,C0286,Nov,421,36,36
U03432,C0286,Dec,404,47,53
U03433,C0287,Jan,534,43,37
U03434,C0287,Feb,946,51,37
U03435,C0287,Mar,745,19,39
U03436,C0287,Apr,881,24,88
U03437,C0287,May,825,37,52
U03438,C0287,Jun,724,40,60
U03439,C0287,Jul,481,53,84
U03440,C0287,Aug,720,49,74
U03441,C0287,Sep,448,43,54
U03442,C0287,Oct,865,49,89
U03443,C0287,Nov,524,41,74
U03444,C0287,Dec,505,19,49
U03445,C0288,Jan,92,65,7
U03446,C0288,Feb,106,85,16
U03447,C0288,Mar,137,75,5
U03448,C0288,Apr,128,88,20
U03449,C0288,May,81,68,11
U03450,C0288,Jun,280,67,6
U03451,C0288,Jul,92,84,5
U03452,C0288,Aug,147,86,15
U03453,C0288,Sep,149,75,7
U03454,C0288,Oct,229,94,6
U03455,C0288,Nov,112,85,7
U03456,C0288,Dec,272,91,17
U03457,C0289,Jan,525,51,68
U03458,C0289,Feb,646,54,65
U03459,C0289,Mar,901,35,55
U03460,C0289,Apr,894,32,40
U03461,C0289,May,670,36,80
U03462,C0289,Jun,484,40,70
U03463,C0289,Jul,648,31,79
U03464,C0289,Aug,479,22,66
U03465,C0289,Sep,461,31,35
U03466,C0289,Oct,621,47,87
U03467,C0289,Nov,794,30,66
U03468,C0289,Dec,507,39,48
U03469,C0290,Jan,940,50,89
U03470,C0290,Feb,720,37,80
U03471,C0290,Mar,864,27,89
U03472,C0290,Apr,916,24,43
U03473,C0290,May,624,41,59
U03474,C0290,Jun,863,50,47
U03475,C0290,Jul,809,30,39
U03476,C0290,Aug,684,45,45
U03477,C0290,Sep,714,54,76
U03478,C0290,Oct,504,27,64
U03479,C0290,Nov,509,25,50
U03480,C0290,Dec,416,47,46
U03481,C0291,Jan,673,19,65
U03482,C0291,Feb,943,46,57
U03483,C0291,Mar,671,25,70
U03484,C0291,Apr,486,40,62
U03485,C0291,May,617,27,60
U03486,C0291,Jun,914,45,67
U03487,C0291,Jul,741,21,63
U03488,C0291,Aug,679,41,41
U03489,C0291,Sep,450,42,81
U03490,C0291,Oct,832,30,53
U03491,C0291,Nov,593,43,46
U03492,C0291,Dec,682,51,73
U03493,C0292,Jan,905,51,62
U03494,C0292,Feb,511,21,76
U03495,C0292,Mar,654,25,49
U03496,C0292,Apr,517,21,37
U03497,C0292,May,672,33,39
U03498,C0292,Jun,944,24,52
U03499,C0292,Jul,631,43,60
U03500,C0292,Aug,802,24,49
U03501,C0292,Sep,674,49,48
U03502,C0292,Oct,575,31,57
U03503,C0292,Nov,694,36,81
U03504,C0292,Dec,403,24,46
U03505,C0293,Jan,915,48,82
U03506,C0293,Feb,712,33,45
U03507,C0293,Mar,722,22,45
U03508,C0293,Apr,591,39,64
U03509,C0293,May,545,18,77
U03510,C0293,Jun,885,45,56
U03511,C0293,Jul,421,29,51
U03512,C0293,Aug,478,28,78
U03513,C0293,Sep,409,40,65
U03514,C0293,Oct,401,49,90
U03515,C0293,Nov,653,48,42
U03516,C0293,Dec,446,19,71
U03517,C0294,Jan,697,32,68
U03518,C0294,Feb,915,28,83
U03519,C0294,Mar,550,24,41
U03520,C0294,Apr,711,39,63
U03521,C0294,May,902,40,69
U03522,C0294,Jun,663,49,51
U03523,C0294,Jul,773,47,35
U03524,C0294,Aug,761,37,80
U03525,C0294,Sep,741,51,84
U03526,C0294,Oct,895,25,52
U03527,C0294,Nov,931,19,44
U03528,C0294,Dec,820,32,77
U03529,C0295,Jan,545,40,66
U03530,C0295,Feb,431,33,71
U03531,C0295,Mar,841,41,48
U03532,C0295,Apr,491,30,59
U03533,C0295,May,510,35,75
U03534,C0295,Jun,860,51,46
U03535,C0295,Jul,671,40,56
U03536,C0295,Aug,800,55,61
U03537,C0295,Sep,682,37,47
U03538,C0295,Oct,442,55,68
U03539,C0295,Nov,751,25,62
U03540,C0295,Dec,865,54,85
U03541,C0296,Jan,755,36,42
U03542,C0296,Feb,408,49,78
U03543,C0296,Mar,550,47,78
U03544,C0296,Apr,553,51,53
U03545,C0296,May,566,37,66
U03546,C0296,Jun,695,22,86
U03547,C0296,Jul,701,18,64
U03548,C0296,Aug,441,31,53
U03549,C0296,Sep,526,21,66
U03550,C0296,Oct,713,18,62
U03551,C0296,Nov,760,18,38
U03552,C0296,Dec,657,26,57
U03553,C0297,Jan,152,97,20
U03554,C0297,Feb,119,70,11
U03555,C0297,Mar,116,77,16
U03556,C0297,Apr,229,70,12
U03557,C0297,May,136,67,18
U03558,C0297,Jun,170,80,15
U03559,C0297,Jul,188,90,6
U03560,C0297,Aug,146,84,12
U03561,C0297,Sep,124,92,13
U03562,C0297,Oct,285,73,9
U03563,C0297,Nov,144,73,16
U03564,C0297,Dec,221,77,12
U03565,C0298,Jan,712,23,54
U03566,C0298,Feb,872,52,46
U03567,C0298,Mar,784,45,41
U03568,C0298,Apr,541,51,63
U03569,C0298,May,720,50,78
U03570,C0298,Jun,766,47,57
U03571,C0298,Jul,837,47,61
U03572,C0298,Aug,820,47,36
U03573,C0298,Sep,427,44,40
U03574,C0298,Oct,543,37,85
U03575,C0298,Nov,648,55,67
U03576,C0298,Dec,782,26,74
U03577,C0299,Jan,700,21,83
U03578,C0299,Feb,802,26,60
U03579,C0299,Mar,406,47,86
U03580,C0299,Apr,930,47,88
U03581,C0299,May,455,23,38
U03582,C0299,Jun,676,24,56
U03583,C0299,Jul,499,36,71
U03584,C0299,Aug,893,39,90
U03585,C0299,Sep,462,25,82
U03586,C0299,Oct,923,21,79
U03587,C0299,Nov,609,51,44
U03588,C0299,Dec,907,26,49
U03589,C0300,Jan,252,74,12
U03590,C0300,Feb,240,84,3
U03591,C0300,Mar,286,96,9
U03592,C0300,Apr,109,69,3
U03593,C0300,May,119,72,19
U03594,C0300,Jun,104,80,9
U03595,C0300,Jul,106,95,3
U03596,C0300,Aug,293,97,17
U03597,C0300,Sep,180,68,6
U03598,C0300,Oct,156,90,18
U03599,C0300,Nov,127,80,20
U03600,C0300,Dec,146,93,6
